"site","species","genus","family","flowers_onset","year","onset_doy","end_doy","duration_doy","mean_temp","total_precip","year_c","precip_100","temp_z","precip_z","species_tree"
"Luki","Adansonia_digitata","Adansonia","Malvaceae","flowers",1947,41,333,292,24.40000025,1532.000037,10,15.32000037,-2.38691715505412,1.00830266692158,"Adansonia_digitata"
"Luki","Adansonia_digitata","Adansonia","Malvaceae","flowers",1948,41.9,334,292.1,24.54166714,1556.000002,11,15.56000002,-0.332491984232284,1.07330251211957,"Adansonia_digitata"
"Luki","Adansonia_digitata","Adansonia","Malvaceae","flowers",1949,41,333,292,24.61666695,752.4000154,12,7.524000154,0.755140400941492,-1.10311210890594,"Adansonia_digitata"
"Luki","Adansonia_digitata","Adansonia","Malvaceae","flowers",1950,41,333,292,24.61666727,524.5000123,13,5.245000123,0.755145041518115,-1.7203407141193,"Adansonia_digitata"
"Luki","Adansonia_digitata","Adansonia","Malvaceae","flowers",1951,40,334,294,24.55833356,1307.700026,14,13.07700026,-0.0907988634509326,0.400824031310839,"Adansonia_digitata"
"Luki","Adansonia_digitata","Adansonia","Malvaceae","flowers",1952,41,335,294,24.52500073,1358.000019,15,13.58000019,-0.574184959995657,0.537053053247312,"Adansonia_digitata"
"Luki","Adansonia_digitata","Adansonia","Malvaceae","flowers",1953,40,334,294,24.59166702,907.3000212,16,9.073000212,0.392596369228904,-0.683591647181658,"Adansonia_digitata"
"Luki","Adansonia_digitata","Adansonia","Malvaceae","flowers",1954,40,334,294,24.61666711,876.0000013,17,8.760000013,0.75514272122983,-0.768362456147161,"Adansonia_digitata"
"Luki","Adansonia_digitata","Adansonia","Malvaceae","flowers",1955,40,334,294,24.55000035,1561.600034,18,15.61600034,-0.211645423841608,1.08846925145038,"Adansonia_digitata"
"Luki","Adansonia_digitata","Adansonia","Malvaceae","flowers",1956,41,335,294,24.50833384,1564.800014,19,15.64800014,-0.815884896623886,1.09713585594904,"Adansonia_digitata"
"Luki","Adansonia_digitata","Adansonia","Malvaceae","flowers",1957,40,334,294,24.67500035,828.7000065,20,8.287000065,1.601079810352,-0.896466490459934,"Adansonia_digitata"
"Luki","Afzelia_bella","Afzelia","Fabaceae","flowers",1947,45,329,284,24.40000025,1532.000037,10,15.32000037,-2.38691715505412,1.00830266692158,"Afzelia_bella"
"Luki","Afzelia_bella","Afzelia","Fabaceae","flowers",1948,45.5,330,284.5,24.54166714,1556.000002,11,15.56000002,-0.332491984232284,1.07330251211957,"Afzelia_bella"
"Luki","Afzelia_bella","Afzelia","Fabaceae","flowers",1949,45,329,284,24.61666695,752.4000154,12,7.524000154,0.755140400941492,-1.10311210890594,"Afzelia_bella"
"Luki","Afzelia_bella","Afzelia","Fabaceae","flowers",1950,45,329,284,24.61666727,524.5000123,13,5.245000123,0.755145041518115,-1.7203407141193,"Afzelia_bella"
"Luki","Afzelia_bella","Afzelia","Fabaceae","flowers",1951,45,329,284,24.55833356,1307.700026,14,13.07700026,-0.0907988634509326,0.400824031310839,"Afzelia_bella"
"Luki","Afzelia_bella","Afzelia","Fabaceae","flowers",1952,45.5,330,284.5,24.52500073,1358.000019,15,13.58000019,-0.574184959995657,0.537053053247312,"Afzelia_bella"
"Luki","Afzelia_bella","Afzelia","Fabaceae","flowers",1953,45,329,284,24.59166702,907.3000212,16,9.073000212,0.392596369228904,-0.683591647181658,"Afzelia_bella"
"Luki","Afzelia_bella","Afzelia","Fabaceae","flowers",1954,45,329,284,24.61666711,876.0000013,17,8.760000013,0.75514272122983,-0.768362456147161,"Afzelia_bella"
"Luki","Afzelia_bella","Afzelia","Fabaceae","flowers",1955,45,329,284,24.55000035,1561.600034,18,15.61600034,-0.211645423841608,1.08846925145038,"Afzelia_bella"
"Luki","Afzelia_bella","Afzelia","Fabaceae","flowers",1956,45.5,330,284.5,24.50833384,1564.800014,19,15.64800014,-0.815884896623886,1.09713585594904,"Afzelia_bella"
"Luki","Afzelia_bella","Afzelia","Fabaceae","flowers",1957,45,329,284,24.67500035,828.7000065,20,8.287000065,1.601079810352,-0.896466490459934,"Afzelia_bella"
"Luki","Afzelia_bipindensis","Afzelia","Fabaceae","flowers",1947,45,329,284,24.40000025,1532.000037,10,15.32000037,-2.38691715505412,1.00830266692158,"Afzelia_bipindensis"
"Luki","Afzelia_bipindensis","Afzelia","Fabaceae","flowers",1948,41,335,294,24.54166714,1556.000002,11,15.56000002,-0.332491984232284,1.07330251211957,"Afzelia_bipindensis"
"Luki","Afzelia_bipindensis","Afzelia","Fabaceae","flowers",1949,40,334,294,24.61666695,752.4000154,12,7.524000154,0.755140400941492,-1.10311210890594,"Afzelia_bipindensis"
"Luki","Afzelia_bipindensis","Afzelia","Fabaceae","flowers",1950,40,334,294,24.61666727,524.5000123,13,5.245000123,0.755145041518115,-1.7203407141193,"Afzelia_bipindensis"
"Luki","Afzelia_bipindensis","Afzelia","Fabaceae","flowers",1951,40,334,294,24.55833356,1307.700026,14,13.07700026,-0.0907988634509326,0.400824031310839,"Afzelia_bipindensis"
"Luki","Afzelia_bipindensis","Afzelia","Fabaceae","flowers",1952,41,335,294,24.52500073,1358.000019,15,13.58000019,-0.574184959995657,0.537053053247312,"Afzelia_bipindensis"
"Luki","Afzelia_bipindensis","Afzelia","Fabaceae","flowers",1953,40,334,294,24.59166702,907.3000212,16,9.073000212,0.392596369228904,-0.683591647181658,"Afzelia_bipindensis"
"Luki","Afzelia_bipindensis","Afzelia","Fabaceae","flowers",1954,40,334,294,24.61666711,876.0000013,17,8.760000013,0.75514272122983,-0.768362456147161,"Afzelia_bipindensis"
"Luki","Afzelia_bipindensis","Afzelia","Fabaceae","flowers",1955,40,334,294,24.55000035,1561.600034,18,15.61600034,-0.211645423841608,1.08846925145038,"Afzelia_bipindensis"
"Luki","Afzelia_bipindensis","Afzelia","Fabaceae","flowers",1956,41,335,294,24.50833384,1564.800014,19,15.64800014,-0.815884896623886,1.09713585594904,"Afzelia_bipindensis"
"Luki","Afzelia_bipindensis","Afzelia","Fabaceae","flowers",1957,40,334,294,24.67500035,828.7000065,20,8.287000065,1.601079810352,-0.896466490459934,"Afzelia_bipindensis"
"Luki","Aidia_ochroleuca","Aidia","Rubiaceae","flowers",1947,40,334,294,24.40000025,1532.000037,10,15.32000037,-2.38691715505412,1.00830266692158,"Aidia_ochroleuca"
"Luki","Aidia_ochroleuca","Aidia","Rubiaceae","flowers",1948,41,335,294,24.54166714,1556.000002,11,15.56000002,-0.332491984232284,1.07330251211957,"Aidia_ochroleuca"
"Luki","Aidia_ochroleuca","Aidia","Rubiaceae","flowers",1949,40,334,294,24.61666695,752.4000154,12,7.524000154,0.755140400941492,-1.10311210890594,"Aidia_ochroleuca"
"Luki","Aidia_ochroleuca","Aidia","Rubiaceae","flowers",1950,40,334,294,24.61666727,524.5000123,13,5.245000123,0.755145041518115,-1.7203407141193,"Aidia_ochroleuca"
"Luki","Aidia_ochroleuca","Aidia","Rubiaceae","flowers",1951,40,334,294,24.55833356,1307.700026,14,13.07700026,-0.0907988634509326,0.400824031310839,"Aidia_ochroleuca"
"Luki","Aidia_ochroleuca","Aidia","Rubiaceae","flowers",1952,41,335,294,24.52500073,1358.000019,15,13.58000019,-0.574184959995657,0.537053053247312,"Aidia_ochroleuca"
"Luki","Aidia_ochroleuca","Aidia","Rubiaceae","flowers",1953,40,334,294,24.59166702,907.3000212,16,9.073000212,0.392596369228904,-0.683591647181658,"Aidia_ochroleuca"
"Luki","Aidia_ochroleuca","Aidia","Rubiaceae","flowers",1954,40,334,294,24.61666711,876.0000013,17,8.760000013,0.75514272122983,-0.768362456147161,"Aidia_ochroleuca"
"Luki","Aidia_ochroleuca","Aidia","Rubiaceae","flowers",1955,40,334,294,24.55000035,1561.600034,18,15.61600034,-0.211645423841608,1.08846925145038,"Aidia_ochroleuca"
"Luki","Aidia_ochroleuca","Aidia","Rubiaceae","flowers",1956,41,335,294,24.50833384,1564.800014,19,15.64800014,-0.815884896623886,1.09713585594904,"Aidia_ochroleuca"
"Luki","Aidia_ochroleuca","Aidia","Rubiaceae","flowers",1957,40,334,294,24.67500035,828.7000065,20,8.287000065,1.601079810352,-0.896466490459934,"Aidia_ochroleuca"
"Luki","Albizia_ferruginea","Albizia","Fabaceae","flowers",1947,40,334,294,24.40000025,1532.000037,10,15.32000037,-2.38691715505412,1.00830266692158,"Albizia_ferruginea"
"Luki","Albizia_ferruginea","Albizia","Fabaceae","flowers",1948,41,335,294,24.54166714,1556.000002,11,15.56000002,-0.332491984232284,1.07330251211957,"Albizia_ferruginea"
"Luki","Albizia_ferruginea","Albizia","Fabaceae","flowers",1949,40,334,294,24.61666695,752.4000154,12,7.524000154,0.755140400941492,-1.10311210890594,"Albizia_ferruginea"
"Luki","Albizia_ferruginea","Albizia","Fabaceae","flowers",1950,40,334,294,24.61666727,524.5000123,13,5.245000123,0.755145041518115,-1.7203407141193,"Albizia_ferruginea"
"Luki","Albizia_ferruginea","Albizia","Fabaceae","flowers",1951,40,334,294,24.55833356,1307.700026,14,13.07700026,-0.0907988634509326,0.400824031310839,"Albizia_ferruginea"
"Luki","Albizia_ferruginea","Albizia","Fabaceae","flowers",1952,41,335,294,24.52500073,1358.000019,15,13.58000019,-0.574184959995657,0.537053053247312,"Albizia_ferruginea"
"Luki","Albizia_ferruginea","Albizia","Fabaceae","flowers",1953,40,334,294,24.59166702,907.3000212,16,9.073000212,0.392596369228904,-0.683591647181658,"Albizia_ferruginea"
"Luki","Albizia_ferruginea","Albizia","Fabaceae","flowers",1954,40,334,294,24.61666711,876.0000013,17,8.760000013,0.75514272122983,-0.768362456147161,"Albizia_ferruginea"
"Luki","Albizia_ferruginea","Albizia","Fabaceae","flowers",1955,40,334,294,24.55000035,1561.600034,18,15.61600034,-0.211645423841608,1.08846925145038,"Albizia_ferruginea"
"Luki","Albizia_ferruginea","Albizia","Fabaceae","flowers",1956,41,335,294,24.50833384,1564.800014,19,15.64800014,-0.815884896623886,1.09713585594904,"Albizia_ferruginea"
"Luki","Albizia_ferruginea","Albizia","Fabaceae","flowers",1957,40,334,294,24.67500035,828.7000065,20,8.287000065,1.601079810352,-0.896466490459934,"Albizia_ferruginea"
"Luki","Allanblackia_floribunda","Allanblackia","Clusiaceae","flowers",1947,40,334,294,24.40000025,1532.000037,10,15.32000037,-2.38691715505412,1.00830266692158,"Allanblackia_floribunda"
"Luki","Allanblackia_floribunda","Allanblackia","Clusiaceae","flowers",1948,41,335,294,24.54166714,1556.000002,11,15.56000002,-0.332491984232284,1.07330251211957,"Allanblackia_floribunda"
"Luki","Allanblackia_floribunda","Allanblackia","Clusiaceae","flowers",1949,40,334,294,24.61666695,752.4000154,12,7.524000154,0.755140400941492,-1.10311210890594,"Allanblackia_floribunda"
"Luki","Allanblackia_floribunda","Allanblackia","Clusiaceae","flowers",1950,40,334,294,24.61666727,524.5000123,13,5.245000123,0.755145041518115,-1.7203407141193,"Allanblackia_floribunda"
"Luki","Allanblackia_floribunda","Allanblackia","Clusiaceae","flowers",1951,40,334,294,24.55833356,1307.700026,14,13.07700026,-0.0907988634509326,0.400824031310839,"Allanblackia_floribunda"
"Luki","Allanblackia_floribunda","Allanblackia","Clusiaceae","flowers",1952,41,335,294,24.52500073,1358.000019,15,13.58000019,-0.574184959995657,0.537053053247312,"Allanblackia_floribunda"
"Luki","Allanblackia_floribunda","Allanblackia","Clusiaceae","flowers",1953,40,334,294,24.59166702,907.3000212,16,9.073000212,0.392596369228904,-0.683591647181658,"Allanblackia_floribunda"
"Luki","Allanblackia_floribunda","Allanblackia","Clusiaceae","flowers",1954,40,334,294,24.61666711,876.0000013,17,8.760000013,0.75514272122983,-0.768362456147161,"Allanblackia_floribunda"
"Luki","Allanblackia_floribunda","Allanblackia","Clusiaceae","flowers",1955,40,334,294,24.55000035,1561.600034,18,15.61600034,-0.211645423841608,1.08846925145038,"Allanblackia_floribunda"
"Luki","Allanblackia_floribunda","Allanblackia","Clusiaceae","flowers",1956,41,335,294,24.50833384,1564.800014,19,15.64800014,-0.815884896623886,1.09713585594904,"Allanblackia_floribunda"
"Luki","Allanblackia_floribunda","Allanblackia","Clusiaceae","flowers",1957,40,334,294,24.67500035,828.7000065,20,8.287000065,1.601079810352,-0.896466490459934,"Allanblackia_floribunda"
"Luki","Alstonia_congensis","Alstonia","Apocynaceae","flowers",1947,45,329,284,24.40000025,1532.000037,10,15.32000037,-2.38691715505412,1.00830266692158,"Alstonia_congensis"
"Luki","Alstonia_congensis","Alstonia","Apocynaceae","flowers",1948,45.5,330,284.5,24.54166714,1556.000002,11,15.56000002,-0.332491984232284,1.07330251211957,"Alstonia_congensis"
"Luki","Alstonia_congensis","Alstonia","Apocynaceae","flowers",1949,45,329,284,24.61666695,752.4000154,12,7.524000154,0.755140400941492,-1.10311210890594,"Alstonia_congensis"
"Luki","Alstonia_congensis","Alstonia","Apocynaceae","flowers",1950,45,329,284,24.61666727,524.5000123,13,5.245000123,0.755145041518115,-1.7203407141193,"Alstonia_congensis"
"Luki","Alstonia_congensis","Alstonia","Apocynaceae","flowers",1951,45,329,284,24.55833356,1307.700026,14,13.07700026,-0.0907988634509326,0.400824031310839,"Alstonia_congensis"
"Luki","Alstonia_congensis","Alstonia","Apocynaceae","flowers",1952,45.5,330,284.5,24.52500073,1358.000019,15,13.58000019,-0.574184959995657,0.537053053247312,"Alstonia_congensis"
"Luki","Alstonia_congensis","Alstonia","Apocynaceae","flowers",1953,45,329,284,24.59166702,907.3000212,16,9.073000212,0.392596369228904,-0.683591647181658,"Alstonia_congensis"
"Luki","Alstonia_congensis","Alstonia","Apocynaceae","flowers",1954,45,329,284,24.61666711,876.0000013,17,8.760000013,0.75514272122983,-0.768362456147161,"Alstonia_congensis"
"Luki","Alstonia_congensis","Alstonia","Apocynaceae","flowers",1955,45,329,284,24.55000035,1561.600034,18,15.61600034,-0.211645423841608,1.08846925145038,"Alstonia_congensis"
"Luki","Alstonia_congensis","Alstonia","Apocynaceae","flowers",1956,45.5,330,284.5,24.50833384,1564.800014,19,15.64800014,-0.815884896623886,1.09713585594904,"Alstonia_congensis"
"Luki","Alstonia_congensis","Alstonia","Apocynaceae","flowers",1957,45,329,284,24.67500035,828.7000065,20,8.287000065,1.601079810352,-0.896466490459934,"Alstonia_congensis"
"Luki","Amphimas_ferrugineus","Amphimas","Fabaceae","flowers",1947,41,333,292,24.40000025,1532.000037,10,15.32000037,-2.38691715505412,1.00830266692158,"Amphimas_ferrugineus"
"Luki","Amphimas_ferrugineus","Amphimas","Fabaceae","flowers",1948,41.9,334,292.1,24.54166714,1556.000002,11,15.56000002,-0.332491984232284,1.07330251211957,"Amphimas_ferrugineus"
"Luki","Amphimas_ferrugineus","Amphimas","Fabaceae","flowers",1949,41,333,292,24.61666695,752.4000154,12,7.524000154,0.755140400941492,-1.10311210890594,"Amphimas_ferrugineus"
"Luki","Amphimas_ferrugineus","Amphimas","Fabaceae","flowers",1950,41,333,292,24.61666727,524.5000123,13,5.245000123,0.755145041518115,-1.7203407141193,"Amphimas_ferrugineus"
"Luki","Amphimas_ferrugineus","Amphimas","Fabaceae","flowers",1951,41,333,292,24.55833356,1307.700026,14,13.07700026,-0.0907988634509326,0.400824031310839,"Amphimas_ferrugineus"
"Luki","Amphimas_ferrugineus","Amphimas","Fabaceae","flowers",1952,41.9,334,292.1,24.52500073,1358.000019,15,13.58000019,-0.574184959995657,0.537053053247312,"Amphimas_ferrugineus"
"Luki","Amphimas_ferrugineus","Amphimas","Fabaceae","flowers",1953,40,334,294,24.59166702,907.3000212,16,9.073000212,0.392596369228904,-0.683591647181658,"Amphimas_ferrugineus"
"Luki","Amphimas_ferrugineus","Amphimas","Fabaceae","flowers",1954,40,334,294,24.61666711,876.0000013,17,8.760000013,0.75514272122983,-0.768362456147161,"Amphimas_ferrugineus"
"Luki","Amphimas_ferrugineus","Amphimas","Fabaceae","flowers",1955,40,334,294,24.55000035,1561.600034,18,15.61600034,-0.211645423841608,1.08846925145038,"Amphimas_ferrugineus"
"Luki","Amphimas_ferrugineus","Amphimas","Fabaceae","flowers",1956,41,335,294,24.50833384,1564.800014,19,15.64800014,-0.815884896623886,1.09713585594904,"Amphimas_ferrugineus"
"Luki","Amphimas_ferrugineus","Amphimas","Fabaceae","flowers",1957,40,334,294,24.67500035,828.7000065,20,8.287000065,1.601079810352,-0.896466490459934,"Amphimas_ferrugineus"
"Luki","Annickia_affinis","Annickia","Annonaceae","flowers",1947,40,334,294,24.40000025,1532.000037,10,15.32000037,-2.38691715505412,1.00830266692158,"Annickia_affinis"
"Luki","Annickia_affinis","Annickia","Annonaceae","flowers",1948,41,335,294,24.54166714,1556.000002,11,15.56000002,-0.332491984232284,1.07330251211957,"Annickia_affinis"
"Luki","Annickia_affinis","Annickia","Annonaceae","flowers",1949,40,334,294,24.61666695,752.4000154,12,7.524000154,0.755140400941492,-1.10311210890594,"Annickia_affinis"
"Luki","Annickia_affinis","Annickia","Annonaceae","flowers",1950,40,334,294,24.61666727,524.5000123,13,5.245000123,0.755145041518115,-1.7203407141193,"Annickia_affinis"
"Luki","Annickia_affinis","Annickia","Annonaceae","flowers",1951,40,334,294,24.55833356,1307.700026,14,13.07700026,-0.0907988634509326,0.400824031310839,"Annickia_affinis"
"Luki","Annickia_affinis","Annickia","Annonaceae","flowers",1952,41,335,294,24.52500073,1358.000019,15,13.58000019,-0.574184959995657,0.537053053247312,"Annickia_affinis"
"Luki","Annickia_affinis","Annickia","Annonaceae","flowers",1953,40,334,294,24.59166702,907.3000212,16,9.073000212,0.392596369228904,-0.683591647181658,"Annickia_affinis"
"Luki","Annickia_affinis","Annickia","Annonaceae","flowers",1954,40,334,294,24.61666711,876.0000013,17,8.760000013,0.75514272122983,-0.768362456147161,"Annickia_affinis"
"Luki","Annickia_affinis","Annickia","Annonaceae","flowers",1955,40,334,294,24.55000035,1561.600034,18,15.61600034,-0.211645423841608,1.08846925145038,"Annickia_affinis"
"Luki","Annickia_affinis","Annickia","Annonaceae","flowers",1956,41,335,294,24.50833384,1564.800014,19,15.64800014,-0.815884896623886,1.09713585594904,"Annickia_affinis"
"Luki","Annickia_affinis","Annickia","Annonaceae","flowers",1957,40,334,294,24.67500035,828.7000065,20,8.287000065,1.601079810352,-0.896466490459934,"Annickia_affinis"
"Luki","Annona_senegalensis","Annona","Annonaceae","flowers",1947,40,334,294,24.40000025,1532.000037,10,15.32000037,-2.38691715505412,1.00830266692158,"Annona_senegalensis"
"Luki","Annona_senegalensis","Annona","Annonaceae","flowers",1948,41,335,294,24.54166714,1556.000002,11,15.56000002,-0.332491984232284,1.07330251211957,"Annona_senegalensis"
"Luki","Annona_senegalensis","Annona","Annonaceae","flowers",1949,40,334,294,24.61666695,752.4000154,12,7.524000154,0.755140400941492,-1.10311210890594,"Annona_senegalensis"
"Luki","Annona_senegalensis","Annona","Annonaceae","flowers",1950,40,334,294,24.61666727,524.5000123,13,5.245000123,0.755145041518115,-1.7203407141193,"Annona_senegalensis"
"Luki","Annona_senegalensis","Annona","Annonaceae","flowers",1951,40,334,294,24.55833356,1307.700026,14,13.07700026,-0.0907988634509326,0.400824031310839,"Annona_senegalensis"
"Luki","Annona_senegalensis","Annona","Annonaceae","flowers",1952,41,335,294,24.52500073,1358.000019,15,13.58000019,-0.574184959995657,0.537053053247312,"Annona_senegalensis"
"Luki","Annona_senegalensis","Annona","Annonaceae","flowers",1953,40,334,294,24.59166702,907.3000212,16,9.073000212,0.392596369228904,-0.683591647181658,"Annona_senegalensis"
"Luki","Annona_senegalensis","Annona","Annonaceae","flowers",1954,40,334,294,24.61666711,876.0000013,17,8.760000013,0.75514272122983,-0.768362456147161,"Annona_senegalensis"
"Luki","Annona_senegalensis","Annona","Annonaceae","flowers",1955,40,334,294,24.55000035,1561.600034,18,15.61600034,-0.211645423841608,1.08846925145038,"Annona_senegalensis"
"Luki","Annona_senegalensis","Annona","Annonaceae","flowers",1956,41,335,294,24.50833384,1564.800014,19,15.64800014,-0.815884896623886,1.09713585594904,"Annona_senegalensis"
"Luki","Annona_senegalensis","Annona","Annonaceae","flowers",1957,40,334,294,24.67500035,828.7000065,20,8.287000065,1.601079810352,-0.896466490459934,"Annona_senegalensis"
"Luki","Anthonotha_macrophylla","Anthonotha","Fabaceae","flowers",1947,45,329,284,24.40000025,1532.000037,10,15.32000037,-2.38691715505412,1.00830266692158,"Anthonotha_macrophylla"
"Luki","Anthonotha_macrophylla","Anthonotha","Fabaceae","flowers",1948,41.9,334,292.1,24.54166714,1556.000002,11,15.56000002,-0.332491984232284,1.07330251211957,"Anthonotha_macrophylla"
"Luki","Anthonotha_macrophylla","Anthonotha","Fabaceae","flowers",1949,40,334,294,24.61666695,752.4000154,12,7.524000154,0.755140400941492,-1.10311210890594,"Anthonotha_macrophylla"
"Luki","Anthonotha_macrophylla","Anthonotha","Fabaceae","flowers",1950,40,334,294,24.61666727,524.5000123,13,5.245000123,0.755145041518115,-1.7203407141193,"Anthonotha_macrophylla"
"Luki","Anthonotha_macrophylla","Anthonotha","Fabaceae","flowers",1951,40,334,294,24.55833356,1307.700026,14,13.07700026,-0.0907988634509326,0.400824031310839,"Anthonotha_macrophylla"
"Luki","Anthonotha_macrophylla","Anthonotha","Fabaceae","flowers",1952,41,335,294,24.52500073,1358.000019,15,13.58000019,-0.574184959995657,0.537053053247312,"Anthonotha_macrophylla"
"Luki","Anthonotha_macrophylla","Anthonotha","Fabaceae","flowers",1953,40,334,294,24.59166702,907.3000212,16,9.073000212,0.392596369228904,-0.683591647181658,"Anthonotha_macrophylla"
"Luki","Anthonotha_macrophylla","Anthonotha","Fabaceae","flowers",1954,40,334,294,24.61666711,876.0000013,17,8.760000013,0.75514272122983,-0.768362456147161,"Anthonotha_macrophylla"
"Luki","Anthonotha_macrophylla","Anthonotha","Fabaceae","flowers",1955,40,334,294,24.55000035,1561.600034,18,15.61600034,-0.211645423841608,1.08846925145038,"Anthonotha_macrophylla"
"Luki","Anthonotha_macrophylla","Anthonotha","Fabaceae","flowers",1956,41,335,294,24.50833384,1564.800014,19,15.64800014,-0.815884896623886,1.09713585594904,"Anthonotha_macrophylla"
"Luki","Anthonotha_macrophylla","Anthonotha","Fabaceae","flowers",1957,40,334,294,24.67500035,828.7000065,20,8.287000065,1.601079810352,-0.896466490459934,"Anthonotha_macrophylla"
"Luki","Antiaris_toxicaria","Antiaris","Moraceae","flowers",1947,40,334,294,24.40000025,1532.000037,10,15.32000037,-2.38691715505412,1.00830266692158,"Antiaris_toxicaria"
"Luki","Antiaris_toxicaria","Antiaris","Moraceae","flowers",1948,41,335,294,24.54166714,1556.000002,11,15.56000002,-0.332491984232284,1.07330251211957,"Antiaris_toxicaria"
"Luki","Antiaris_toxicaria","Antiaris","Moraceae","flowers",1949,40,334,294,24.61666695,752.4000154,12,7.524000154,0.755140400941492,-1.10311210890594,"Antiaris_toxicaria"
"Luki","Antiaris_toxicaria","Antiaris","Moraceae","flowers",1950,40,334,294,24.61666727,524.5000123,13,5.245000123,0.755145041518115,-1.7203407141193,"Antiaris_toxicaria"
"Luki","Antiaris_toxicaria","Antiaris","Moraceae","flowers",1951,40,334,294,24.55833356,1307.700026,14,13.07700026,-0.0907988634509326,0.400824031310839,"Antiaris_toxicaria"
"Luki","Antiaris_toxicaria","Antiaris","Moraceae","flowers",1952,41,335,294,24.52500073,1358.000019,15,13.58000019,-0.574184959995657,0.537053053247312,"Antiaris_toxicaria"
"Luki","Antiaris_toxicaria","Antiaris","Moraceae","flowers",1953,40,334,294,24.59166702,907.3000212,16,9.073000212,0.392596369228904,-0.683591647181658,"Antiaris_toxicaria"
"Luki","Antiaris_toxicaria","Antiaris","Moraceae","flowers",1954,40,334,294,24.61666711,876.0000013,17,8.760000013,0.75514272122983,-0.768362456147161,"Antiaris_toxicaria"
"Luki","Antiaris_toxicaria","Antiaris","Moraceae","flowers",1955,40,334,294,24.55000035,1561.600034,18,15.61600034,-0.211645423841608,1.08846925145038,"Antiaris_toxicaria"
"Luki","Antiaris_toxicaria","Antiaris","Moraceae","flowers",1956,41,335,294,24.50833384,1564.800014,19,15.64800014,-0.815884896623886,1.09713585594904,"Antiaris_toxicaria"
"Luki","Antiaris_toxicaria","Antiaris","Moraceae","flowers",1957,40,334,294,24.67500035,828.7000065,20,8.287000065,1.601079810352,-0.896466490459934,"Antiaris_toxicaria"
"Luki","Antrocaryon_nannanii","Antrocaryon","Anacardiaceae","flowers",1947,40,334,294,24.40000025,1532.000037,10,15.32000037,-2.38691715505412,1.00830266692158,"Antrocaryon_nannanii"
"Luki","Antrocaryon_nannanii","Antrocaryon","Anacardiaceae","flowers",1948,41,335,294,24.54166714,1556.000002,11,15.56000002,-0.332491984232284,1.07330251211957,"Antrocaryon_nannanii"
"Luki","Antrocaryon_nannanii","Antrocaryon","Anacardiaceae","flowers",1949,40,334,294,24.61666695,752.4000154,12,7.524000154,0.755140400941492,-1.10311210890594,"Antrocaryon_nannanii"
"Luki","Antrocaryon_nannanii","Antrocaryon","Anacardiaceae","flowers",1950,40,334,294,24.61666727,524.5000123,13,5.245000123,0.755145041518115,-1.7203407141193,"Antrocaryon_nannanii"
"Luki","Antrocaryon_nannanii","Antrocaryon","Anacardiaceae","flowers",1951,40,334,294,24.55833356,1307.700026,14,13.07700026,-0.0907988634509326,0.400824031310839,"Antrocaryon_nannanii"
"Luki","Antrocaryon_nannanii","Antrocaryon","Anacardiaceae","flowers",1952,41,335,294,24.52500073,1358.000019,15,13.58000019,-0.574184959995657,0.537053053247312,"Antrocaryon_nannanii"
"Luki","Antrocaryon_nannanii","Antrocaryon","Anacardiaceae","flowers",1953,40,334,294,24.59166702,907.3000212,16,9.073000212,0.392596369228904,-0.683591647181658,"Antrocaryon_nannanii"
"Luki","Antrocaryon_nannanii","Antrocaryon","Anacardiaceae","flowers",1954,40,334,294,24.61666711,876.0000013,17,8.760000013,0.75514272122983,-0.768362456147161,"Antrocaryon_nannanii"
"Luki","Antrocaryon_nannanii","Antrocaryon","Anacardiaceae","flowers",1955,40,334,294,24.55000035,1561.600034,18,15.61600034,-0.211645423841608,1.08846925145038,"Antrocaryon_nannanii"
"Luki","Antrocaryon_nannanii","Antrocaryon","Anacardiaceae","flowers",1956,41,335,294,24.50833384,1564.800014,19,15.64800014,-0.815884896623886,1.09713585594904,"Antrocaryon_nannanii"
"Luki","Antrocaryon_nannanii","Antrocaryon","Anacardiaceae","flowers",1957,40,334,294,24.67500035,828.7000065,20,8.287000065,1.601079810352,-0.896466490459934,"Antrocaryon_nannanii"
"Luki","Autranella_congolensis","Autranella","Sapotaceae","flowers",1947,40,334,294,24.40000025,1532.000037,10,15.32000037,-2.38691715505412,1.00830266692158,"Autranella_congolensis"
"Luki","Autranella_congolensis","Autranella","Sapotaceae","flowers",1948,41,335,294,24.54166714,1556.000002,11,15.56000002,-0.332491984232284,1.07330251211957,"Autranella_congolensis"
"Luki","Autranella_congolensis","Autranella","Sapotaceae","flowers",1949,40,334,294,24.61666695,752.4000154,12,7.524000154,0.755140400941492,-1.10311210890594,"Autranella_congolensis"
"Luki","Autranella_congolensis","Autranella","Sapotaceae","flowers",1950,40,334,294,24.61666727,524.5000123,13,5.245000123,0.755145041518115,-1.7203407141193,"Autranella_congolensis"
"Luki","Autranella_congolensis","Autranella","Sapotaceae","flowers",1951,40,334,294,24.55833356,1307.700026,14,13.07700026,-0.0907988634509326,0.400824031310839,"Autranella_congolensis"
"Luki","Autranella_congolensis","Autranella","Sapotaceae","flowers",1952,41,335,294,24.52500073,1358.000019,15,13.58000019,-0.574184959995657,0.537053053247312,"Autranella_congolensis"
"Luki","Autranella_congolensis","Autranella","Sapotaceae","flowers",1953,40,334,294,24.59166702,907.3000212,16,9.073000212,0.392596369228904,-0.683591647181658,"Autranella_congolensis"
"Luki","Autranella_congolensis","Autranella","Sapotaceae","flowers",1954,40,334,294,24.61666711,876.0000013,17,8.760000013,0.75514272122983,-0.768362456147161,"Autranella_congolensis"
"Luki","Autranella_congolensis","Autranella","Sapotaceae","flowers",1955,40,334,294,24.55000035,1561.600034,18,15.61600034,-0.211645423841608,1.08846925145038,"Autranella_congolensis"
"Luki","Autranella_congolensis","Autranella","Sapotaceae","flowers",1956,41,335,294,24.50833384,1564.800014,19,15.64800014,-0.815884896623886,1.09713585594904,"Autranella_congolensis"
"Luki","Autranella_congolensis","Autranella","Sapotaceae","flowers",1957,40,334,294,24.67500035,828.7000065,20,8.287000065,1.601079810352,-0.896466490459934,"Autranella_congolensis"
"Luki","Baikiaea_insignis","Baikiaea","Fabaceae","flowers",1947,40,334,294,24.40000025,1532.000037,10,15.32000037,-2.38691715505412,1.00830266692158,"Baikiaea_insignis"
"Luki","Baikiaea_insignis","Baikiaea","Fabaceae","flowers",1948,41,335,294,24.54166714,1556.000002,11,15.56000002,-0.332491984232284,1.07330251211957,"Baikiaea_insignis"
"Luki","Baikiaea_insignis","Baikiaea","Fabaceae","flowers",1949,40,334,294,24.61666695,752.4000154,12,7.524000154,0.755140400941492,-1.10311210890594,"Baikiaea_insignis"
"Luki","Baikiaea_insignis","Baikiaea","Fabaceae","flowers",1950,40,334,294,24.61666727,524.5000123,13,5.245000123,0.755145041518115,-1.7203407141193,"Baikiaea_insignis"
"Luki","Baikiaea_insignis","Baikiaea","Fabaceae","flowers",1951,40,334,294,24.55833356,1307.700026,14,13.07700026,-0.0907988634509326,0.400824031310839,"Baikiaea_insignis"
"Luki","Baikiaea_insignis","Baikiaea","Fabaceae","flowers",1952,41,335,294,24.52500073,1358.000019,15,13.58000019,-0.574184959995657,0.537053053247312,"Baikiaea_insignis"
"Luki","Baikiaea_insignis","Baikiaea","Fabaceae","flowers",1953,40,334,294,24.59166702,907.3000212,16,9.073000212,0.392596369228904,-0.683591647181658,"Baikiaea_insignis"
"Luki","Baikiaea_insignis","Baikiaea","Fabaceae","flowers",1954,40,334,294,24.61666711,876.0000013,17,8.760000013,0.75514272122983,-0.768362456147161,"Baikiaea_insignis"
"Luki","Baikiaea_insignis","Baikiaea","Fabaceae","flowers",1955,40,334,294,24.55000035,1561.600034,18,15.61600034,-0.211645423841608,1.08846925145038,"Baikiaea_insignis"
"Luki","Baikiaea_insignis","Baikiaea","Fabaceae","flowers",1956,41,335,294,24.50833384,1564.800014,19,15.64800014,-0.815884896623886,1.09713585594904,"Baikiaea_insignis"
"Luki","Baikiaea_insignis","Baikiaea","Fabaceae","flowers",1957,40,334,294,24.67500035,828.7000065,20,8.287000065,1.601079810352,-0.896466490459934,"Baikiaea_insignis"
"Luki","Barteria_dewevrei","Barteria","Passifloraceae","flowers",1947,40,334,294,24.40000025,1532.000037,10,15.32000037,-2.38691715505412,1.00830266692158,"Barteria_dewevrei"
"Luki","Barteria_dewevrei","Barteria","Passifloraceae","flowers",1948,41,335,294,24.54166714,1556.000002,11,15.56000002,-0.332491984232284,1.07330251211957,"Barteria_dewevrei"
"Luki","Barteria_dewevrei","Barteria","Passifloraceae","flowers",1949,40,334,294,24.61666695,752.4000154,12,7.524000154,0.755140400941492,-1.10311210890594,"Barteria_dewevrei"
"Luki","Barteria_dewevrei","Barteria","Passifloraceae","flowers",1950,40,334,294,24.61666727,524.5000123,13,5.245000123,0.755145041518115,-1.7203407141193,"Barteria_dewevrei"
"Luki","Barteria_dewevrei","Barteria","Passifloraceae","flowers",1951,40,334,294,24.55833356,1307.700026,14,13.07700026,-0.0907988634509326,0.400824031310839,"Barteria_dewevrei"
"Luki","Barteria_dewevrei","Barteria","Passifloraceae","flowers",1952,41,335,294,24.52500073,1358.000019,15,13.58000019,-0.574184959995657,0.537053053247312,"Barteria_dewevrei"
"Luki","Barteria_dewevrei","Barteria","Passifloraceae","flowers",1953,40,334,294,24.59166702,907.3000212,16,9.073000212,0.392596369228904,-0.683591647181658,"Barteria_dewevrei"
"Luki","Barteria_dewevrei","Barteria","Passifloraceae","flowers",1954,40,334,294,24.61666711,876.0000013,17,8.760000013,0.75514272122983,-0.768362456147161,"Barteria_dewevrei"
"Luki","Barteria_dewevrei","Barteria","Passifloraceae","flowers",1955,40,334,294,24.55000035,1561.600034,18,15.61600034,-0.211645423841608,1.08846925145038,"Barteria_dewevrei"
"Luki","Barteria_dewevrei","Barteria","Passifloraceae","flowers",1956,41,335,294,24.50833384,1564.800014,19,15.64800014,-0.815884896623886,1.09713585594904,"Barteria_dewevrei"
"Luki","Barteria_dewevrei","Barteria","Passifloraceae","flowers",1957,40,334,294,24.67500035,828.7000065,20,8.287000065,1.601079810352,-0.896466490459934,"Barteria_dewevrei"
"Luki","Blighia_welwitschii","Blighia","Sapindaceae","flowers",1947,40,334,294,24.40000025,1532.000037,10,15.32000037,-2.38691715505412,1.00830266692158,"Blighia_welwitschii"
"Luki","Blighia_welwitschii","Blighia","Sapindaceae","flowers",1948,41,335,294,24.54166714,1556.000002,11,15.56000002,-0.332491984232284,1.07330251211957,"Blighia_welwitschii"
"Luki","Blighia_welwitschii","Blighia","Sapindaceae","flowers",1949,40,334,294,24.61666695,752.4000154,12,7.524000154,0.755140400941492,-1.10311210890594,"Blighia_welwitschii"
"Luki","Blighia_welwitschii","Blighia","Sapindaceae","flowers",1950,40,334,294,24.61666727,524.5000123,13,5.245000123,0.755145041518115,-1.7203407141193,"Blighia_welwitschii"
"Luki","Blighia_welwitschii","Blighia","Sapindaceae","flowers",1951,40,334,294,24.55833356,1307.700026,14,13.07700026,-0.0907988634509326,0.400824031310839,"Blighia_welwitschii"
"Luki","Blighia_welwitschii","Blighia","Sapindaceae","flowers",1952,41,335,294,24.52500073,1358.000019,15,13.58000019,-0.574184959995657,0.537053053247312,"Blighia_welwitschii"
"Luki","Blighia_welwitschii","Blighia","Sapindaceae","flowers",1953,40,334,294,24.59166702,907.3000212,16,9.073000212,0.392596369228904,-0.683591647181658,"Blighia_welwitschii"
"Luki","Blighia_welwitschii","Blighia","Sapindaceae","flowers",1954,40,334,294,24.61666711,876.0000013,17,8.760000013,0.75514272122983,-0.768362456147161,"Blighia_welwitschii"
"Luki","Blighia_welwitschii","Blighia","Sapindaceae","flowers",1955,40,334,294,24.55000035,1561.600034,18,15.61600034,-0.211645423841608,1.08846925145038,"Blighia_welwitschii"
"Luki","Blighia_welwitschii","Blighia","Sapindaceae","flowers",1956,41,335,294,24.50833384,1564.800014,19,15.64800014,-0.815884896623886,1.09713585594904,"Blighia_welwitschii"
"Luki","Blighia_welwitschii","Blighia","Sapindaceae","flowers",1957,40,334,294,24.67500035,828.7000065,20,8.287000065,1.601079810352,-0.896466490459934,"Blighia_welwitschii"
"Luki","Bombax_buonopozense","Bombax","Malvaceae","flowers",1947,40,334,294,24.40000025,1532.000037,10,15.32000037,-2.38691715505412,1.00830266692158,"Bombax_buonopozense"
"Luki","Bombax_buonopozense","Bombax","Malvaceae","flowers",1948,41,335,294,24.54166714,1556.000002,11,15.56000002,-0.332491984232284,1.07330251211957,"Bombax_buonopozense"
"Luki","Bombax_buonopozense","Bombax","Malvaceae","flowers",1949,40,334,294,24.61666695,752.4000154,12,7.524000154,0.755140400941492,-1.10311210890594,"Bombax_buonopozense"
"Luki","Bombax_buonopozense","Bombax","Malvaceae","flowers",1950,40,334,294,24.61666727,524.5000123,13,5.245000123,0.755145041518115,-1.7203407141193,"Bombax_buonopozense"
"Luki","Bombax_buonopozense","Bombax","Malvaceae","flowers",1951,40,334,294,24.55833356,1307.700026,14,13.07700026,-0.0907988634509326,0.400824031310839,"Bombax_buonopozense"
"Luki","Bombax_buonopozense","Bombax","Malvaceae","flowers",1952,41,335,294,24.52500073,1358.000019,15,13.58000019,-0.574184959995657,0.537053053247312,"Bombax_buonopozense"
"Luki","Bombax_buonopozense","Bombax","Malvaceae","flowers",1953,40,334,294,24.59166702,907.3000212,16,9.073000212,0.392596369228904,-0.683591647181658,"Bombax_buonopozense"
"Luki","Bombax_buonopozense","Bombax","Malvaceae","flowers",1954,40,334,294,24.61666711,876.0000013,17,8.760000013,0.75514272122983,-0.768362456147161,"Bombax_buonopozense"
"Luki","Bombax_buonopozense","Bombax","Malvaceae","flowers",1955,40,334,294,24.55000035,1561.600034,18,15.61600034,-0.211645423841608,1.08846925145038,"Bombax_buonopozense"
"Luki","Bombax_buonopozense","Bombax","Malvaceae","flowers",1956,41,335,294,24.50833384,1564.800014,19,15.64800014,-0.815884896623886,1.09713585594904,"Bombax_buonopozense"
"Luki","Bombax_buonopozense","Bombax","Malvaceae","flowers",1957,40,334,294,24.67500035,828.7000065,20,8.287000065,1.601079810352,-0.896466490459934,"Bombax_buonopozense"
"Luki","Brenania_brieyi","Brenania","Rubiaceae","flowers",1947,40,334,294,24.40000025,1532.000037,10,15.32000037,-2.38691715505412,1.00830266692158,"Brenania_brieyi"
"Luki","Brenania_brieyi","Brenania","Rubiaceae","flowers",1948,41,335,294,24.54166714,1556.000002,11,15.56000002,-0.332491984232284,1.07330251211957,"Brenania_brieyi"
"Luki","Brenania_brieyi","Brenania","Rubiaceae","flowers",1949,40,334,294,24.61666695,752.4000154,12,7.524000154,0.755140400941492,-1.10311210890594,"Brenania_brieyi"
"Luki","Brenania_brieyi","Brenania","Rubiaceae","flowers",1950,40,334,294,24.61666727,524.5000123,13,5.245000123,0.755145041518115,-1.7203407141193,"Brenania_brieyi"
"Luki","Brenania_brieyi","Brenania","Rubiaceae","flowers",1951,40,334,294,24.55833356,1307.700026,14,13.07700026,-0.0907988634509326,0.400824031310839,"Brenania_brieyi"
"Luki","Brenania_brieyi","Brenania","Rubiaceae","flowers",1952,41,335,294,24.52500073,1358.000019,15,13.58000019,-0.574184959995657,0.537053053247312,"Brenania_brieyi"
"Luki","Brenania_brieyi","Brenania","Rubiaceae","flowers",1953,40,334,294,24.59166702,907.3000212,16,9.073000212,0.392596369228904,-0.683591647181658,"Brenania_brieyi"
"Luki","Brenania_brieyi","Brenania","Rubiaceae","flowers",1954,40,334,294,24.61666711,876.0000013,17,8.760000013,0.75514272122983,-0.768362456147161,"Brenania_brieyi"
"Luki","Brenania_brieyi","Brenania","Rubiaceae","flowers",1955,40,334,294,24.55000035,1561.600034,18,15.61600034,-0.211645423841608,1.08846925145038,"Brenania_brieyi"
"Luki","Brenania_brieyi","Brenania","Rubiaceae","flowers",1956,41,335,294,24.50833384,1564.800014,19,15.64800014,-0.815884896623886,1.09713585594904,"Brenania_brieyi"
"Luki","Brenania_brieyi","Brenania","Rubiaceae","flowers",1957,40,334,294,24.67500035,828.7000065,20,8.287000065,1.601079810352,-0.896466490459934,"Brenania_brieyi"
"Luki","Caloncoba_welwitschii","Caloncoba","Achariaceae","flowers",1947,40,334,294,24.40000025,1532.000037,10,15.32000037,-2.38691715505412,1.00830266692158,"Caloncoba_welwitschii"
"Luki","Caloncoba_welwitschii","Caloncoba","Achariaceae","flowers",1948,41,335,294,24.54166714,1556.000002,11,15.56000002,-0.332491984232284,1.07330251211957,"Caloncoba_welwitschii"
"Luki","Caloncoba_welwitschii","Caloncoba","Achariaceae","flowers",1949,40,334,294,24.61666695,752.4000154,12,7.524000154,0.755140400941492,-1.10311210890594,"Caloncoba_welwitschii"
"Luki","Caloncoba_welwitschii","Caloncoba","Achariaceae","flowers",1950,40,334,294,24.61666727,524.5000123,13,5.245000123,0.755145041518115,-1.7203407141193,"Caloncoba_welwitschii"
"Luki","Caloncoba_welwitschii","Caloncoba","Achariaceae","flowers",1951,40,334,294,24.55833356,1307.700026,14,13.07700026,-0.0907988634509326,0.400824031310839,"Caloncoba_welwitschii"
"Luki","Caloncoba_welwitschii","Caloncoba","Achariaceae","flowers",1952,41,335,294,24.52500073,1358.000019,15,13.58000019,-0.574184959995657,0.537053053247312,"Caloncoba_welwitschii"
"Luki","Caloncoba_welwitschii","Caloncoba","Achariaceae","flowers",1953,40,334,294,24.59166702,907.3000212,16,9.073000212,0.392596369228904,-0.683591647181658,"Caloncoba_welwitschii"
"Luki","Caloncoba_welwitschii","Caloncoba","Achariaceae","flowers",1954,40,334,294,24.61666711,876.0000013,17,8.760000013,0.75514272122983,-0.768362456147161,"Caloncoba_welwitschii"
"Luki","Caloncoba_welwitschii","Caloncoba","Achariaceae","flowers",1955,40,334,294,24.55000035,1561.600034,18,15.61600034,-0.211645423841608,1.08846925145038,"Caloncoba_welwitschii"
"Luki","Caloncoba_welwitschii","Caloncoba","Achariaceae","flowers",1956,41,335,294,24.50833384,1564.800014,19,15.64800014,-0.815884896623886,1.09713585594904,"Caloncoba_welwitschii"
"Luki","Caloncoba_welwitschii","Caloncoba","Achariaceae","flowers",1957,40,334,294,24.67500035,828.7000065,20,8.287000065,1.601079810352,-0.896466490459934,"Caloncoba_welwitschii"
"Luki","Canarium_schweinfurthii","Canarium","Burseraceae","flowers",1947,40,334,294,24.40000025,1532.000037,10,15.32000037,-2.38691715505412,1.00830266692158,"Canarium_schweinfurthii"
"Luki","Canarium_schweinfurthii","Canarium","Burseraceae","flowers",1948,41,335,294,24.54166714,1556.000002,11,15.56000002,-0.332491984232284,1.07330251211957,"Canarium_schweinfurthii"
"Luki","Canarium_schweinfurthii","Canarium","Burseraceae","flowers",1949,40,334,294,24.61666695,752.4000154,12,7.524000154,0.755140400941492,-1.10311210890594,"Canarium_schweinfurthii"
"Luki","Canarium_schweinfurthii","Canarium","Burseraceae","flowers",1950,40,334,294,24.61666727,524.5000123,13,5.245000123,0.755145041518115,-1.7203407141193,"Canarium_schweinfurthii"
"Luki","Canarium_schweinfurthii","Canarium","Burseraceae","flowers",1951,40,334,294,24.55833356,1307.700026,14,13.07700026,-0.0907988634509326,0.400824031310839,"Canarium_schweinfurthii"
"Luki","Canarium_schweinfurthii","Canarium","Burseraceae","flowers",1952,41,335,294,24.52500073,1358.000019,15,13.58000019,-0.574184959995657,0.537053053247312,"Canarium_schweinfurthii"
"Luki","Canarium_schweinfurthii","Canarium","Burseraceae","flowers",1953,40,334,294,24.59166702,907.3000212,16,9.073000212,0.392596369228904,-0.683591647181658,"Canarium_schweinfurthii"
"Luki","Canarium_schweinfurthii","Canarium","Burseraceae","flowers",1954,40,334,294,24.61666711,876.0000013,17,8.760000013,0.75514272122983,-0.768362456147161,"Canarium_schweinfurthii"
"Luki","Canarium_schweinfurthii","Canarium","Burseraceae","flowers",1955,40,334,294,24.55000035,1561.600034,18,15.61600034,-0.211645423841608,1.08846925145038,"Canarium_schweinfurthii"
"Luki","Canarium_schweinfurthii","Canarium","Burseraceae","flowers",1956,41,335,294,24.50833384,1564.800014,19,15.64800014,-0.815884896623886,1.09713585594904,"Canarium_schweinfurthii"
"Luki","Canarium_schweinfurthii","Canarium","Burseraceae","flowers",1957,40,334,294,24.67500035,828.7000065,20,8.287000065,1.601079810352,-0.896466490459934,"Canarium_schweinfurthii"
"Luki","Carapa_procera","Carapa","Meliaceae","flowers",1947,40,334,294,24.40000025,1532.000037,10,15.32000037,-2.38691715505412,1.00830266692158,"Carapa_procera"
"Luki","Carapa_procera","Carapa","Meliaceae","flowers",1948,41,335,294,24.54166714,1556.000002,11,15.56000002,-0.332491984232284,1.07330251211957,"Carapa_procera"
"Luki","Carapa_procera","Carapa","Meliaceae","flowers",1949,40,334,294,24.61666695,752.4000154,12,7.524000154,0.755140400941492,-1.10311210890594,"Carapa_procera"
"Luki","Carapa_procera","Carapa","Meliaceae","flowers",1950,40,334,294,24.61666727,524.5000123,13,5.245000123,0.755145041518115,-1.7203407141193,"Carapa_procera"
"Luki","Carapa_procera","Carapa","Meliaceae","flowers",1951,40,334,294,24.55833356,1307.700026,14,13.07700026,-0.0907988634509326,0.400824031310839,"Carapa_procera"
"Luki","Carapa_procera","Carapa","Meliaceae","flowers",1952,41,335,294,24.52500073,1358.000019,15,13.58000019,-0.574184959995657,0.537053053247312,"Carapa_procera"
"Luki","Carapa_procera","Carapa","Meliaceae","flowers",1953,40,334,294,24.59166702,907.3000212,16,9.073000212,0.392596369228904,-0.683591647181658,"Carapa_procera"
"Luki","Carapa_procera","Carapa","Meliaceae","flowers",1954,40,334,294,24.61666711,876.0000013,17,8.760000013,0.75514272122983,-0.768362456147161,"Carapa_procera"
"Luki","Carapa_procera","Carapa","Meliaceae","flowers",1955,40,334,294,24.55000035,1561.600034,18,15.61600034,-0.211645423841608,1.08846925145038,"Carapa_procera"
"Luki","Carapa_procera","Carapa","Meliaceae","flowers",1956,41,335,294,24.50833384,1564.800014,19,15.64800014,-0.815884896623886,1.09713585594904,"Carapa_procera"
"Luki","Carapa_procera","Carapa","Meliaceae","flowers",1957,40,334,294,24.67500035,828.7000065,20,8.287000065,1.601079810352,-0.896466490459934,"Carapa_procera"
"Luki","Ceiba_pentandra","Ceiba","Malvaceae","flowers",1947,40,334,294,24.40000025,1532.000037,10,15.32000037,-2.38691715505412,1.00830266692158,"Ceiba_pentandra"
"Luki","Ceiba_pentandra","Ceiba","Malvaceae","flowers",1948,41,335,294,24.54166714,1556.000002,11,15.56000002,-0.332491984232284,1.07330251211957,"Ceiba_pentandra"
"Luki","Ceiba_pentandra","Ceiba","Malvaceae","flowers",1949,40,334,294,24.61666695,752.4000154,12,7.524000154,0.755140400941492,-1.10311210890594,"Ceiba_pentandra"
"Luki","Ceiba_pentandra","Ceiba","Malvaceae","flowers",1950,40,334,294,24.61666727,524.5000123,13,5.245000123,0.755145041518115,-1.7203407141193,"Ceiba_pentandra"
"Luki","Ceiba_pentandra","Ceiba","Malvaceae","flowers",1951,40,334,294,24.55833356,1307.700026,14,13.07700026,-0.0907988634509326,0.400824031310839,"Ceiba_pentandra"
"Luki","Ceiba_pentandra","Ceiba","Malvaceae","flowers",1952,41,335,294,24.52500073,1358.000019,15,13.58000019,-0.574184959995657,0.537053053247312,"Ceiba_pentandra"
"Luki","Ceiba_pentandra","Ceiba","Malvaceae","flowers",1953,40,334,294,24.59166702,907.3000212,16,9.073000212,0.392596369228904,-0.683591647181658,"Ceiba_pentandra"
"Luki","Ceiba_pentandra","Ceiba","Malvaceae","flowers",1954,40,334,294,24.61666711,876.0000013,17,8.760000013,0.75514272122983,-0.768362456147161,"Ceiba_pentandra"
"Luki","Ceiba_pentandra","Ceiba","Malvaceae","flowers",1955,40,334,294,24.55000035,1561.600034,18,15.61600034,-0.211645423841608,1.08846925145038,"Ceiba_pentandra"
"Luki","Ceiba_pentandra","Ceiba","Malvaceae","flowers",1956,41,335,294,24.50833384,1564.800014,19,15.64800014,-0.815884896623886,1.09713585594904,"Ceiba_pentandra"
"Luki","Ceiba_pentandra","Ceiba","Malvaceae","flowers",1957,40,334,294,24.67500035,828.7000065,20,8.287000065,1.601079810352,-0.896466490459934,"Ceiba_pentandra"
"Luki","Celtis_mildbraedii","Celtis","Cannabaceae","flowers",1947,40,334,294,24.40000025,1532.000037,10,15.32000037,-2.38691715505412,1.00830266692158,"Celtis_mildbraedii"
"Luki","Celtis_mildbraedii","Celtis","Cannabaceae","flowers",1948,41,335,294,24.54166714,1556.000002,11,15.56000002,-0.332491984232284,1.07330251211957,"Celtis_mildbraedii"
"Luki","Celtis_mildbraedii","Celtis","Cannabaceae","flowers",1949,40,334,294,24.61666695,752.4000154,12,7.524000154,0.755140400941492,-1.10311210890594,"Celtis_mildbraedii"
"Luki","Celtis_mildbraedii","Celtis","Cannabaceae","flowers",1950,40,334,294,24.61666727,524.5000123,13,5.245000123,0.755145041518115,-1.7203407141193,"Celtis_mildbraedii"
"Luki","Celtis_mildbraedii","Celtis","Cannabaceae","flowers",1951,40,334,294,24.55833356,1307.700026,14,13.07700026,-0.0907988634509326,0.400824031310839,"Celtis_mildbraedii"
"Luki","Celtis_mildbraedii","Celtis","Cannabaceae","flowers",1952,41,335,294,24.52500073,1358.000019,15,13.58000019,-0.574184959995657,0.537053053247312,"Celtis_mildbraedii"
"Luki","Celtis_mildbraedii","Celtis","Cannabaceae","flowers",1953,40,334,294,24.59166702,907.3000212,16,9.073000212,0.392596369228904,-0.683591647181658,"Celtis_mildbraedii"
"Luki","Celtis_mildbraedii","Celtis","Cannabaceae","flowers",1954,40,334,294,24.61666711,876.0000013,17,8.760000013,0.75514272122983,-0.768362456147161,"Celtis_mildbraedii"
"Luki","Celtis_mildbraedii","Celtis","Cannabaceae","flowers",1955,40,334,294,24.55000035,1561.600034,18,15.61600034,-0.211645423841608,1.08846925145038,"Celtis_mildbraedii"
"Luki","Celtis_mildbraedii","Celtis","Cannabaceae","flowers",1956,41,335,294,24.50833384,1564.800014,19,15.64800014,-0.815884896623886,1.09713585594904,"Celtis_mildbraedii"
"Luki","Celtis_mildbraedii","Celtis","Cannabaceae","flowers",1957,40,334,294,24.67500035,828.7000065,20,8.287000065,1.601079810352,-0.896466490459934,"Celtis_mildbraedii"
"Luki","Coelocaryon_botryoides","Coelocaryon","Myristicaceae","flowers",1947,40,334,294,24.40000025,1532.000037,10,15.32000037,-2.38691715505412,1.00830266692158,"Coelocaryon_botryoides"
"Luki","Coelocaryon_botryoides","Coelocaryon","Myristicaceae","flowers",1948,41,335,294,24.54166714,1556.000002,11,15.56000002,-0.332491984232284,1.07330251211957,"Coelocaryon_botryoides"
"Luki","Coelocaryon_botryoides","Coelocaryon","Myristicaceae","flowers",1949,40,334,294,24.61666695,752.4000154,12,7.524000154,0.755140400941492,-1.10311210890594,"Coelocaryon_botryoides"
"Luki","Coelocaryon_botryoides","Coelocaryon","Myristicaceae","flowers",1950,40,334,294,24.61666727,524.5000123,13,5.245000123,0.755145041518115,-1.7203407141193,"Coelocaryon_botryoides"
"Luki","Coelocaryon_botryoides","Coelocaryon","Myristicaceae","flowers",1951,40,334,294,24.55833356,1307.700026,14,13.07700026,-0.0907988634509326,0.400824031310839,"Coelocaryon_botryoides"
"Luki","Coelocaryon_botryoides","Coelocaryon","Myristicaceae","flowers",1952,41,335,294,24.52500073,1358.000019,15,13.58000019,-0.574184959995657,0.537053053247312,"Coelocaryon_botryoides"
"Luki","Coelocaryon_botryoides","Coelocaryon","Myristicaceae","flowers",1953,40,334,294,24.59166702,907.3000212,16,9.073000212,0.392596369228904,-0.683591647181658,"Coelocaryon_botryoides"
"Luki","Coelocaryon_botryoides","Coelocaryon","Myristicaceae","flowers",1954,40,334,294,24.61666711,876.0000013,17,8.760000013,0.75514272122983,-0.768362456147161,"Coelocaryon_botryoides"
"Luki","Coelocaryon_botryoides","Coelocaryon","Myristicaceae","flowers",1955,40,334,294,24.55000035,1561.600034,18,15.61600034,-0.211645423841608,1.08846925145038,"Coelocaryon_botryoides"
"Luki","Coelocaryon_botryoides","Coelocaryon","Myristicaceae","flowers",1956,41,335,294,24.50833384,1564.800014,19,15.64800014,-0.815884896623886,1.09713585594904,"Coelocaryon_botryoides"
"Luki","Coelocaryon_botryoides","Coelocaryon","Myristicaceae","flowers",1957,40,334,294,24.67500035,828.7000065,20,8.287000065,1.601079810352,-0.896466490459934,"Coelocaryon_botryoides"
"Luki","Cola_bruneelii","Cola","Malvaceae","flowers",1947,40,334,294,24.40000025,1532.000037,10,15.32000037,-2.38691715505412,1.00830266692158,"Cola_bruneelii"
"Luki","Cola_bruneelii","Cola","Malvaceae","flowers",1948,41,335,294,24.54166714,1556.000002,11,15.56000002,-0.332491984232284,1.07330251211957,"Cola_bruneelii"
"Luki","Cola_bruneelii","Cola","Malvaceae","flowers",1949,40,334,294,24.61666695,752.4000154,12,7.524000154,0.755140400941492,-1.10311210890594,"Cola_bruneelii"
"Luki","Cola_bruneelii","Cola","Malvaceae","flowers",1950,40,334,294,24.61666727,524.5000123,13,5.245000123,0.755145041518115,-1.7203407141193,"Cola_bruneelii"
"Luki","Cola_bruneelii","Cola","Malvaceae","flowers",1951,40,334,294,24.55833356,1307.700026,14,13.07700026,-0.0907988634509326,0.400824031310839,"Cola_bruneelii"
"Luki","Cola_bruneelii","Cola","Malvaceae","flowers",1952,41,335,294,24.52500073,1358.000019,15,13.58000019,-0.574184959995657,0.537053053247312,"Cola_bruneelii"
"Luki","Cola_bruneelii","Cola","Malvaceae","flowers",1953,40,334,294,24.59166702,907.3000212,16,9.073000212,0.392596369228904,-0.683591647181658,"Cola_bruneelii"
"Luki","Cola_bruneelii","Cola","Malvaceae","flowers",1954,40,334,294,24.61666711,876.0000013,17,8.760000013,0.75514272122983,-0.768362456147161,"Cola_bruneelii"
"Luki","Cola_bruneelii","Cola","Malvaceae","flowers",1955,40,334,294,24.55000035,1561.600034,18,15.61600034,-0.211645423841608,1.08846925145038,"Cola_bruneelii"
"Luki","Cola_bruneelii","Cola","Malvaceae","flowers",1956,41,335,294,24.50833384,1564.800014,19,15.64800014,-0.815884896623886,1.09713585594904,"Cola_bruneelii"
"Luki","Cola_bruneelii","Cola","Malvaceae","flowers",1957,40,334,294,24.67500035,828.7000065,20,8.287000065,1.601079810352,-0.896466490459934,"Cola_bruneelii"
"Luki","Cola_nitida","Cola","Malvaceae","flowers",1948,41.9,334,292.1,24.54166714,1556.000002,11,15.56000002,-0.332491984232284,1.07330251211957,"Cola_nitida"
"Luki","Cola_nitida","Cola","Malvaceae","flowers",1949,41,333,292,24.61666695,752.4000154,12,7.524000154,0.755140400941492,-1.10311210890594,"Cola_nitida"
"Luki","Cola_nitida","Cola","Malvaceae","flowers",1950,41,333,292,24.61666727,524.5000123,13,5.245000123,0.755145041518115,-1.7203407141193,"Cola_nitida"
"Luki","Cola_nitida","Cola","Malvaceae","flowers",1951,41,333,292,24.55833356,1307.700026,14,13.07700026,-0.0907988634509326,0.400824031310839,"Cola_nitida"
"Luki","Cola_nitida","Cola","Malvaceae","flowers",1952,41.9,334,292.1,24.52500073,1358.000019,15,13.58000019,-0.574184959995657,0.537053053247312,"Cola_nitida"
"Luki","Cola_nitida","Cola","Malvaceae","flowers",1953,41,333,292,24.59166702,907.3000212,16,9.073000212,0.392596369228904,-0.683591647181658,"Cola_nitida"
"Luki","Cola_nitida","Cola","Malvaceae","flowers",1954,41,333,292,24.61666711,876.0000013,17,8.760000013,0.75514272122983,-0.768362456147161,"Cola_nitida"
"Luki","Cola_nitida","Cola","Malvaceae","flowers",1955,41,333,292,24.55000035,1561.600034,18,15.61600034,-0.211645423841608,1.08846925145038,"Cola_nitida"
"Luki","Cola_nitida","Cola","Malvaceae","flowers",1956,41.9,334,292.1,24.50833384,1564.800014,19,15.64800014,-0.815884896623886,1.09713585594904,"Cola_nitida"
"Luki","Cola_nitida","Cola","Malvaceae","flowers",1957,41,333,292,24.67500035,828.7000065,20,8.287000065,1.601079810352,-0.896466490459934,"Cola_nitida"
"Luki","Corynanthe_paniculata","Corynanthe","Rubiaceae","flowers",1947,40,334,294,24.40000025,1532.000037,10,15.32000037,-2.38691715505412,1.00830266692158,"Corynanthe_paniculata"
"Luki","Corynanthe_paniculata","Corynanthe","Rubiaceae","flowers",1948,41,335,294,24.54166714,1556.000002,11,15.56000002,-0.332491984232284,1.07330251211957,"Corynanthe_paniculata"
"Luki","Corynanthe_paniculata","Corynanthe","Rubiaceae","flowers",1949,40,334,294,24.61666695,752.4000154,12,7.524000154,0.755140400941492,-1.10311210890594,"Corynanthe_paniculata"
"Luki","Corynanthe_paniculata","Corynanthe","Rubiaceae","flowers",1950,40,334,294,24.61666727,524.5000123,13,5.245000123,0.755145041518115,-1.7203407141193,"Corynanthe_paniculata"
"Luki","Corynanthe_paniculata","Corynanthe","Rubiaceae","flowers",1951,40,334,294,24.55833356,1307.700026,14,13.07700026,-0.0907988634509326,0.400824031310839,"Corynanthe_paniculata"
"Luki","Corynanthe_paniculata","Corynanthe","Rubiaceae","flowers",1952,41,335,294,24.52500073,1358.000019,15,13.58000019,-0.574184959995657,0.537053053247312,"Corynanthe_paniculata"
"Luki","Corynanthe_paniculata","Corynanthe","Rubiaceae","flowers",1953,40,334,294,24.59166702,907.3000212,16,9.073000212,0.392596369228904,-0.683591647181658,"Corynanthe_paniculata"
"Luki","Corynanthe_paniculata","Corynanthe","Rubiaceae","flowers",1954,40,334,294,24.61666711,876.0000013,17,8.760000013,0.75514272122983,-0.768362456147161,"Corynanthe_paniculata"
"Luki","Corynanthe_paniculata","Corynanthe","Rubiaceae","flowers",1955,40,334,294,24.55000035,1561.600034,18,15.61600034,-0.211645423841608,1.08846925145038,"Corynanthe_paniculata"
"Luki","Corynanthe_paniculata","Corynanthe","Rubiaceae","flowers",1956,41,335,294,24.50833384,1564.800014,19,15.64800014,-0.815884896623886,1.09713585594904,"Corynanthe_paniculata"
"Luki","Corynanthe_paniculata","Corynanthe","Rubiaceae","flowers",1957,40,334,294,24.67500035,828.7000065,20,8.287000065,1.601079810352,-0.896466490459934,"Corynanthe_paniculata"
"Luki","Croton_sylvaticus","Croton","Euphorbiaceae","flowers",1947,40,334,294,24.40000025,1532.000037,10,15.32000037,-2.38691715505412,1.00830266692158,"Croton_sylvaticus"
"Luki","Croton_sylvaticus","Croton","Euphorbiaceae","flowers",1948,41,335,294,24.54166714,1556.000002,11,15.56000002,-0.332491984232284,1.07330251211957,"Croton_sylvaticus"
"Luki","Croton_sylvaticus","Croton","Euphorbiaceae","flowers",1949,40,334,294,24.61666695,752.4000154,12,7.524000154,0.755140400941492,-1.10311210890594,"Croton_sylvaticus"
"Luki","Croton_sylvaticus","Croton","Euphorbiaceae","flowers",1950,40,334,294,24.61666727,524.5000123,13,5.245000123,0.755145041518115,-1.7203407141193,"Croton_sylvaticus"
"Luki","Croton_sylvaticus","Croton","Euphorbiaceae","flowers",1951,40,334,294,24.55833356,1307.700026,14,13.07700026,-0.0907988634509326,0.400824031310839,"Croton_sylvaticus"
"Luki","Croton_sylvaticus","Croton","Euphorbiaceae","flowers",1952,41,335,294,24.52500073,1358.000019,15,13.58000019,-0.574184959995657,0.537053053247312,"Croton_sylvaticus"
"Luki","Croton_sylvaticus","Croton","Euphorbiaceae","flowers",1953,40,334,294,24.59166702,907.3000212,16,9.073000212,0.392596369228904,-0.683591647181658,"Croton_sylvaticus"
"Luki","Croton_sylvaticus","Croton","Euphorbiaceae","flowers",1954,40,334,294,24.61666711,876.0000013,17,8.760000013,0.75514272122983,-0.768362456147161,"Croton_sylvaticus"
"Luki","Croton_sylvaticus","Croton","Euphorbiaceae","flowers",1955,40,334,294,24.55000035,1561.600034,18,15.61600034,-0.211645423841608,1.08846925145038,"Croton_sylvaticus"
"Luki","Croton_sylvaticus","Croton","Euphorbiaceae","flowers",1956,41,335,294,24.50833384,1564.800014,19,15.64800014,-0.815884896623886,1.09713585594904,"Croton_sylvaticus"
"Luki","Croton_sylvaticus","Croton","Euphorbiaceae","flowers",1957,40,334,294,24.67500035,828.7000065,20,8.287000065,1.601079810352,-0.896466490459934,"Croton_sylvaticus"
"Luki","Cynometra_lujae","Cynometra","Fabaceae","flowers",1948,41,335,294,24.54166714,1556.000002,11,15.56000002,-0.332491984232284,1.07330251211957,"Cynometra_lujae"
"Luki","Cynometra_lujae","Cynometra","Fabaceae","flowers",1949,40,334,294,24.61666695,752.4000154,12,7.524000154,0.755140400941492,-1.10311210890594,"Cynometra_lujae"
"Luki","Cynometra_lujae","Cynometra","Fabaceae","flowers",1950,40,334,294,24.61666727,524.5000123,13,5.245000123,0.755145041518115,-1.7203407141193,"Cynometra_lujae"
"Luki","Cynometra_lujae","Cynometra","Fabaceae","flowers",1951,40,334,294,24.55833356,1307.700026,14,13.07700026,-0.0907988634509326,0.400824031310839,"Cynometra_lujae"
"Luki","Cynometra_lujae","Cynometra","Fabaceae","flowers",1952,41,335,294,24.52500073,1358.000019,15,13.58000019,-0.574184959995657,0.537053053247312,"Cynometra_lujae"
"Luki","Cynometra_lujae","Cynometra","Fabaceae","flowers",1953,40,334,294,24.59166702,907.3000212,16,9.073000212,0.392596369228904,-0.683591647181658,"Cynometra_lujae"
"Luki","Cynometra_lujae","Cynometra","Fabaceae","flowers",1954,40,334,294,24.61666711,876.0000013,17,8.760000013,0.75514272122983,-0.768362456147161,"Cynometra_lujae"
"Luki","Cynometra_lujae","Cynometra","Fabaceae","flowers",1955,40,334,294,24.55000035,1561.600034,18,15.61600034,-0.211645423841608,1.08846925145038,"Cynometra_lujae"
"Luki","Cynometra_lujae","Cynometra","Fabaceae","flowers",1956,41,335,294,24.50833384,1564.800014,19,15.64800014,-0.815884896623886,1.09713585594904,"Cynometra_lujae"
"Luki","Cynometra_lujae","Cynometra","Fabaceae","flowers",1957,40,334,294,24.67500035,828.7000065,20,8.287000065,1.601079810352,-0.896466490459934,"Cynometra_lujae"
"Luki","Deinbollia_laurentii","Deinbollia","Sapindaceae","flowers",1947,40,334,294,24.40000025,1532.000037,10,15.32000037,-2.38691715505412,1.00830266692158,"Deinbollia_laurentii"
"Luki","Deinbollia_laurentii","Deinbollia","Sapindaceae","flowers",1948,41,335,294,24.54166714,1556.000002,11,15.56000002,-0.332491984232284,1.07330251211957,"Deinbollia_laurentii"
"Luki","Deinbollia_laurentii","Deinbollia","Sapindaceae","flowers",1949,40,334,294,24.61666695,752.4000154,12,7.524000154,0.755140400941492,-1.10311210890594,"Deinbollia_laurentii"
"Luki","Deinbollia_laurentii","Deinbollia","Sapindaceae","flowers",1950,40,334,294,24.61666727,524.5000123,13,5.245000123,0.755145041518115,-1.7203407141193,"Deinbollia_laurentii"
"Luki","Deinbollia_laurentii","Deinbollia","Sapindaceae","flowers",1951,40,334,294,24.55833356,1307.700026,14,13.07700026,-0.0907988634509326,0.400824031310839,"Deinbollia_laurentii"
"Luki","Deinbollia_laurentii","Deinbollia","Sapindaceae","flowers",1952,41,335,294,24.52500073,1358.000019,15,13.58000019,-0.574184959995657,0.537053053247312,"Deinbollia_laurentii"
"Luki","Deinbollia_laurentii","Deinbollia","Sapindaceae","flowers",1953,40,334,294,24.59166702,907.3000212,16,9.073000212,0.392596369228904,-0.683591647181658,"Deinbollia_laurentii"
"Luki","Deinbollia_laurentii","Deinbollia","Sapindaceae","flowers",1954,40,334,294,24.61666711,876.0000013,17,8.760000013,0.75514272122983,-0.768362456147161,"Deinbollia_laurentii"
"Luki","Deinbollia_laurentii","Deinbollia","Sapindaceae","flowers",1955,40,334,294,24.55000035,1561.600034,18,15.61600034,-0.211645423841608,1.08846925145038,"Deinbollia_laurentii"
"Luki","Deinbollia_laurentii","Deinbollia","Sapindaceae","flowers",1956,41,335,294,24.50833384,1564.800014,19,15.64800014,-0.815884896623886,1.09713585594904,"Deinbollia_laurentii"
"Luki","Deinbollia_laurentii","Deinbollia","Sapindaceae","flowers",1957,40,334,294,24.67500035,828.7000065,20,8.287000065,1.601079810352,-0.896466490459934,"Deinbollia_laurentii"
"Luki","Dialium_excelsum","Dialium","Fabaceae","flowers",1947,40,334,294,24.40000025,1532.000037,10,15.32000037,-2.38691715505412,1.00830266692158,"Dialium_excelsum"
"Luki","Dialium_excelsum","Dialium","Fabaceae","flowers",1948,41,335,294,24.54166714,1556.000002,11,15.56000002,-0.332491984232284,1.07330251211957,"Dialium_excelsum"
"Luki","Dialium_excelsum","Dialium","Fabaceae","flowers",1949,40,334,294,24.61666695,752.4000154,12,7.524000154,0.755140400941492,-1.10311210890594,"Dialium_excelsum"
"Luki","Dialium_excelsum","Dialium","Fabaceae","flowers",1950,40,334,294,24.61666727,524.5000123,13,5.245000123,0.755145041518115,-1.7203407141193,"Dialium_excelsum"
"Luki","Dialium_excelsum","Dialium","Fabaceae","flowers",1951,40,334,294,24.55833356,1307.700026,14,13.07700026,-0.0907988634509326,0.400824031310839,"Dialium_excelsum"
"Luki","Dialium_excelsum","Dialium","Fabaceae","flowers",1952,41,335,294,24.52500073,1358.000019,15,13.58000019,-0.574184959995657,0.537053053247312,"Dialium_excelsum"
"Luki","Dialium_excelsum","Dialium","Fabaceae","flowers",1953,40,334,294,24.59166702,907.3000212,16,9.073000212,0.392596369228904,-0.683591647181658,"Dialium_excelsum"
"Luki","Dialium_excelsum","Dialium","Fabaceae","flowers",1954,40,334,294,24.61666711,876.0000013,17,8.760000013,0.75514272122983,-0.768362456147161,"Dialium_excelsum"
"Luki","Dialium_excelsum","Dialium","Fabaceae","flowers",1955,40,334,294,24.55000035,1561.600034,18,15.61600034,-0.211645423841608,1.08846925145038,"Dialium_excelsum"
"Luki","Dialium_excelsum","Dialium","Fabaceae","flowers",1956,41,335,294,24.50833384,1564.800014,19,15.64800014,-0.815884896623886,1.09713585594904,"Dialium_excelsum"
"Luki","Dialium_excelsum","Dialium","Fabaceae","flowers",1957,40,334,294,24.67500035,828.7000065,20,8.287000065,1.601079810352,-0.896466490459934,"Dialium_excelsum"
"Luki","Dialium_pachyphyllum","Dialium","Fabaceae","flowers",1947,40,334,294,24.40000025,1532.000037,10,15.32000037,-2.38691715505412,1.00830266692158,"Dialium_pachyphyllum"
"Luki","Dialium_pachyphyllum","Dialium","Fabaceae","flowers",1948,41,335,294,24.54166714,1556.000002,11,15.56000002,-0.332491984232284,1.07330251211957,"Dialium_pachyphyllum"
"Luki","Dialium_pachyphyllum","Dialium","Fabaceae","flowers",1949,40,334,294,24.61666695,752.4000154,12,7.524000154,0.755140400941492,-1.10311210890594,"Dialium_pachyphyllum"
"Luki","Dialium_pachyphyllum","Dialium","Fabaceae","flowers",1950,40,334,294,24.61666727,524.5000123,13,5.245000123,0.755145041518115,-1.7203407141193,"Dialium_pachyphyllum"
"Luki","Dialium_pachyphyllum","Dialium","Fabaceae","flowers",1951,40,334,294,24.55833356,1307.700026,14,13.07700026,-0.0907988634509326,0.400824031310839,"Dialium_pachyphyllum"
"Luki","Dialium_pachyphyllum","Dialium","Fabaceae","flowers",1952,41,335,294,24.52500073,1358.000019,15,13.58000019,-0.574184959995657,0.537053053247312,"Dialium_pachyphyllum"
"Luki","Dialium_pachyphyllum","Dialium","Fabaceae","flowers",1953,40,334,294,24.59166702,907.3000212,16,9.073000212,0.392596369228904,-0.683591647181658,"Dialium_pachyphyllum"
"Luki","Dialium_pachyphyllum","Dialium","Fabaceae","flowers",1954,40,334,294,24.61666711,876.0000013,17,8.760000013,0.75514272122983,-0.768362456147161,"Dialium_pachyphyllum"
"Luki","Dialium_pachyphyllum","Dialium","Fabaceae","flowers",1955,40,334,294,24.55000035,1561.600034,18,15.61600034,-0.211645423841608,1.08846925145038,"Dialium_pachyphyllum"
"Luki","Dialium_pachyphyllum","Dialium","Fabaceae","flowers",1956,41,335,294,24.50833384,1564.800014,19,15.64800014,-0.815884896623886,1.09713585594904,"Dialium_pachyphyllum"
"Luki","Dialium_pachyphyllum","Dialium","Fabaceae","flowers",1957,40,334,294,24.67500035,828.7000065,20,8.287000065,1.601079810352,-0.896466490459934,"Dialium_pachyphyllum"
"Luki","Dialium_tessmannii","Dialium","Fabaceae","flowers",1947,40,334,294,24.40000025,1532.000037,10,15.32000037,-2.38691715505412,1.00830266692158,"Dialium_tessmannii"
"Luki","Dialium_tessmannii","Dialium","Fabaceae","flowers",1948,41,335,294,24.54166714,1556.000002,11,15.56000002,-0.332491984232284,1.07330251211957,"Dialium_tessmannii"
"Luki","Dialium_tessmannii","Dialium","Fabaceae","flowers",1949,40,334,294,24.61666695,752.4000154,12,7.524000154,0.755140400941492,-1.10311210890594,"Dialium_tessmannii"
"Luki","Dialium_tessmannii","Dialium","Fabaceae","flowers",1950,40,334,294,24.61666727,524.5000123,13,5.245000123,0.755145041518115,-1.7203407141193,"Dialium_tessmannii"
"Luki","Dialium_tessmannii","Dialium","Fabaceae","flowers",1951,40,334,294,24.55833356,1307.700026,14,13.07700026,-0.0907988634509326,0.400824031310839,"Dialium_tessmannii"
"Luki","Dialium_tessmannii","Dialium","Fabaceae","flowers",1952,41,335,294,24.52500073,1358.000019,15,13.58000019,-0.574184959995657,0.537053053247312,"Dialium_tessmannii"
"Luki","Dialium_tessmannii","Dialium","Fabaceae","flowers",1953,40,334,294,24.59166702,907.3000212,16,9.073000212,0.392596369228904,-0.683591647181658,"Dialium_tessmannii"
"Luki","Dialium_tessmannii","Dialium","Fabaceae","flowers",1954,40,334,294,24.61666711,876.0000013,17,8.760000013,0.75514272122983,-0.768362456147161,"Dialium_tessmannii"
"Luki","Dialium_tessmannii","Dialium","Fabaceae","flowers",1955,40,334,294,24.55000035,1561.600034,18,15.61600034,-0.211645423841608,1.08846925145038,"Dialium_tessmannii"
"Luki","Dialium_tessmannii","Dialium","Fabaceae","flowers",1956,41,335,294,24.50833384,1564.800014,19,15.64800014,-0.815884896623886,1.09713585594904,"Dialium_tessmannii"
"Luki","Dialium_tessmannii","Dialium","Fabaceae","flowers",1957,40,334,294,24.67500035,828.7000065,20,8.287000065,1.601079810352,-0.896466490459934,"Dialium_tessmannii"
"Luki","Dichostemma_glaucescens","Dichostemma","Euphorbiaceae","flowers",1947,41,333,292,24.40000025,1532.000037,10,15.32000037,-2.38691715505412,1.00830266692158,"Dichostemma_glaucescens"
"Luki","Dichostemma_glaucescens","Dichostemma","Euphorbiaceae","flowers",1948,41.9,334,292.1,24.54166714,1556.000002,11,15.56000002,-0.332491984232284,1.07330251211957,"Dichostemma_glaucescens"
"Luki","Dichostemma_glaucescens","Dichostemma","Euphorbiaceae","flowers",1949,41,333,292,24.61666695,752.4000154,12,7.524000154,0.755140400941492,-1.10311210890594,"Dichostemma_glaucescens"
"Luki","Dichostemma_glaucescens","Dichostemma","Euphorbiaceae","flowers",1950,41,333,292,24.61666727,524.5000123,13,5.245000123,0.755145041518115,-1.7203407141193,"Dichostemma_glaucescens"
"Luki","Dichostemma_glaucescens","Dichostemma","Euphorbiaceae","flowers",1951,41,333,292,24.55833356,1307.700026,14,13.07700026,-0.0907988634509326,0.400824031310839,"Dichostemma_glaucescens"
"Luki","Dichostemma_glaucescens","Dichostemma","Euphorbiaceae","flowers",1952,41.9,334,292.1,24.52500073,1358.000019,15,13.58000019,-0.574184959995657,0.537053053247312,"Dichostemma_glaucescens"
"Luki","Dichostemma_glaucescens","Dichostemma","Euphorbiaceae","flowers",1953,41,333,292,24.59166702,907.3000212,16,9.073000212,0.392596369228904,-0.683591647181658,"Dichostemma_glaucescens"
"Luki","Dichostemma_glaucescens","Dichostemma","Euphorbiaceae","flowers",1954,41,333,292,24.61666711,876.0000013,17,8.760000013,0.75514272122983,-0.768362456147161,"Dichostemma_glaucescens"
"Luki","Dichostemma_glaucescens","Dichostemma","Euphorbiaceae","flowers",1955,41,333,292,24.55000035,1561.600034,18,15.61600034,-0.211645423841608,1.08846925145038,"Dichostemma_glaucescens"
"Luki","Dichostemma_glaucescens","Dichostemma","Euphorbiaceae","flowers",1956,41.9,334,292.1,24.50833384,1564.800014,19,15.64800014,-0.815884896623886,1.09713585594904,"Dichostemma_glaucescens"
"Luki","Dichostemma_glaucescens","Dichostemma","Euphorbiaceae","flowers",1957,41,333,292,24.67500035,828.7000065,20,8.287000065,1.601079810352,-0.896466490459934,"Dichostemma_glaucescens"
"Luki","Diospyros_heterotricha","Diospyros","Ebenaceae","flowers",1948,45.5,330,284.5,24.54166714,1556.000002,11,15.56000002,-0.332491984232284,1.07330251211957,"Diospyros_heterotricha"
"Luki","Diospyros_heterotricha","Diospyros","Ebenaceae","flowers",1949,45,329,284,24.61666695,752.4000154,12,7.524000154,0.755140400941492,-1.10311210890594,"Diospyros_heterotricha"
"Luki","Diospyros_heterotricha","Diospyros","Ebenaceae","flowers",1950,45,329,284,24.61666727,524.5000123,13,5.245000123,0.755145041518115,-1.7203407141193,"Diospyros_heterotricha"
"Luki","Diospyros_heterotricha","Diospyros","Ebenaceae","flowers",1951,45,329,284,24.55833356,1307.700026,14,13.07700026,-0.0907988634509326,0.400824031310839,"Diospyros_heterotricha"
"Luki","Diospyros_heterotricha","Diospyros","Ebenaceae","flowers",1952,45.5,330,284.5,24.52500073,1358.000019,15,13.58000019,-0.574184959995657,0.537053053247312,"Diospyros_heterotricha"
"Luki","Diospyros_heterotricha","Diospyros","Ebenaceae","flowers",1953,45,329,284,24.59166702,907.3000212,16,9.073000212,0.392596369228904,-0.683591647181658,"Diospyros_heterotricha"
"Luki","Diospyros_heterotricha","Diospyros","Ebenaceae","flowers",1954,45,329,284,24.61666711,876.0000013,17,8.760000013,0.75514272122983,-0.768362456147161,"Diospyros_heterotricha"
"Luki","Diospyros_heterotricha","Diospyros","Ebenaceae","flowers",1955,45,329,284,24.55000035,1561.600034,18,15.61600034,-0.211645423841608,1.08846925145038,"Diospyros_heterotricha"
"Luki","Diospyros_heterotricha","Diospyros","Ebenaceae","flowers",1956,45.5,330,284.5,24.50833384,1564.800014,19,15.64800014,-0.815884896623886,1.09713585594904,"Diospyros_heterotricha"
"Luki","Diospyros_heterotricha","Diospyros","Ebenaceae","flowers",1957,45,329,284,24.67500035,828.7000065,20,8.287000065,1.601079810352,-0.896466490459934,"Diospyros_heterotricha"
"Luki","Diospyros_macrocarpa","Diospyros","Ebenaceae","flowers",1948,45.5,330,284.5,24.54166714,1556.000002,11,15.56000002,-0.332491984232284,1.07330251211957,"Diospyros_macrocarpa"
"Luki","Diospyros_macrocarpa","Diospyros","Ebenaceae","flowers",1949,45,329,284,24.61666695,752.4000154,12,7.524000154,0.755140400941492,-1.10311210890594,"Diospyros_macrocarpa"
"Luki","Diospyros_macrocarpa","Diospyros","Ebenaceae","flowers",1950,45,329,284,24.61666727,524.5000123,13,5.245000123,0.755145041518115,-1.7203407141193,"Diospyros_macrocarpa"
"Luki","Diospyros_macrocarpa","Diospyros","Ebenaceae","flowers",1951,45,329,284,24.55833356,1307.700026,14,13.07700026,-0.0907988634509326,0.400824031310839,"Diospyros_macrocarpa"
"Luki","Diospyros_macrocarpa","Diospyros","Ebenaceae","flowers",1952,45.5,330,284.5,24.52500073,1358.000019,15,13.58000019,-0.574184959995657,0.537053053247312,"Diospyros_macrocarpa"
"Luki","Diospyros_macrocarpa","Diospyros","Ebenaceae","flowers",1953,45,329,284,24.59166702,907.3000212,16,9.073000212,0.392596369228904,-0.683591647181658,"Diospyros_macrocarpa"
"Luki","Diospyros_macrocarpa","Diospyros","Ebenaceae","flowers",1954,45,329,284,24.61666711,876.0000013,17,8.760000013,0.75514272122983,-0.768362456147161,"Diospyros_macrocarpa"
"Luki","Diospyros_macrocarpa","Diospyros","Ebenaceae","flowers",1955,45,329,284,24.55000035,1561.600034,18,15.61600034,-0.211645423841608,1.08846925145038,"Diospyros_macrocarpa"
"Luki","Diospyros_macrocarpa","Diospyros","Ebenaceae","flowers",1956,45.5,330,284.5,24.50833384,1564.800014,19,15.64800014,-0.815884896623886,1.09713585594904,"Diospyros_macrocarpa"
"Luki","Diospyros_macrocarpa","Diospyros","Ebenaceae","flowers",1957,45,329,284,24.67500035,828.7000065,20,8.287000065,1.601079810352,-0.896466490459934,"Diospyros_macrocarpa"
"Luki","Discoglypremna_caloneura","Discoglypremna","Euphorbiaceae","flowers",1947,40,334,294,24.40000025,1532.000037,10,15.32000037,-2.38691715505412,1.00830266692158,"Discoglypremna_caloneura"
"Luki","Discoglypremna_caloneura","Discoglypremna","Euphorbiaceae","flowers",1948,41,335,294,24.54166714,1556.000002,11,15.56000002,-0.332491984232284,1.07330251211957,"Discoglypremna_caloneura"
"Luki","Discoglypremna_caloneura","Discoglypremna","Euphorbiaceae","flowers",1949,40,334,294,24.61666695,752.4000154,12,7.524000154,0.755140400941492,-1.10311210890594,"Discoglypremna_caloneura"
"Luki","Discoglypremna_caloneura","Discoglypremna","Euphorbiaceae","flowers",1950,40,334,294,24.61666727,524.5000123,13,5.245000123,0.755145041518115,-1.7203407141193,"Discoglypremna_caloneura"
"Luki","Discoglypremna_caloneura","Discoglypremna","Euphorbiaceae","flowers",1951,40,334,294,24.55833356,1307.700026,14,13.07700026,-0.0907988634509326,0.400824031310839,"Discoglypremna_caloneura"
"Luki","Discoglypremna_caloneura","Discoglypremna","Euphorbiaceae","flowers",1952,41,335,294,24.52500073,1358.000019,15,13.58000019,-0.574184959995657,0.537053053247312,"Discoglypremna_caloneura"
"Luki","Discoglypremna_caloneura","Discoglypremna","Euphorbiaceae","flowers",1953,40,334,294,24.59166702,907.3000212,16,9.073000212,0.392596369228904,-0.683591647181658,"Discoglypremna_caloneura"
"Luki","Discoglypremna_caloneura","Discoglypremna","Euphorbiaceae","flowers",1954,40,334,294,24.61666711,876.0000013,17,8.760000013,0.75514272122983,-0.768362456147161,"Discoglypremna_caloneura"
"Luki","Discoglypremna_caloneura","Discoglypremna","Euphorbiaceae","flowers",1955,40,334,294,24.55000035,1561.600034,18,15.61600034,-0.211645423841608,1.08846925145038,"Discoglypremna_caloneura"
"Luki","Discoglypremna_caloneura","Discoglypremna","Euphorbiaceae","flowers",1956,41,335,294,24.50833384,1564.800014,19,15.64800014,-0.815884896623886,1.09713585594904,"Discoglypremna_caloneura"
"Luki","Discoglypremna_caloneura","Discoglypremna","Euphorbiaceae","flowers",1957,40,334,294,24.67500035,828.7000065,20,8.287000065,1.601079810352,-0.896466490459934,"Discoglypremna_caloneura"
"Luki","Dracaena_arborea","Dracaena","Asparagaceae","flowers",1947,40,334,294,24.40000025,1532.000037,10,15.32000037,-2.38691715505412,1.00830266692158,"Dracaena_arborea"
"Luki","Dracaena_arborea","Dracaena","Asparagaceae","flowers",1948,41,335,294,24.54166714,1556.000002,11,15.56000002,-0.332491984232284,1.07330251211957,"Dracaena_arborea"
"Luki","Dracaena_arborea","Dracaena","Asparagaceae","flowers",1949,40,334,294,24.61666695,752.4000154,12,7.524000154,0.755140400941492,-1.10311210890594,"Dracaena_arborea"
"Luki","Dracaena_arborea","Dracaena","Asparagaceae","flowers",1950,40,334,294,24.61666727,524.5000123,13,5.245000123,0.755145041518115,-1.7203407141193,"Dracaena_arborea"
"Luki","Dracaena_arborea","Dracaena","Asparagaceae","flowers",1951,40,334,294,24.55833356,1307.700026,14,13.07700026,-0.0907988634509326,0.400824031310839,"Dracaena_arborea"
"Luki","Dracaena_arborea","Dracaena","Asparagaceae","flowers",1952,41,335,294,24.52500073,1358.000019,15,13.58000019,-0.574184959995657,0.537053053247312,"Dracaena_arborea"
"Luki","Dracaena_arborea","Dracaena","Asparagaceae","flowers",1953,40,334,294,24.59166702,907.3000212,16,9.073000212,0.392596369228904,-0.683591647181658,"Dracaena_arborea"
"Luki","Dracaena_arborea","Dracaena","Asparagaceae","flowers",1954,40,334,294,24.61666711,876.0000013,17,8.760000013,0.75514272122983,-0.768362456147161,"Dracaena_arborea"
"Luki","Dracaena_arborea","Dracaena","Asparagaceae","flowers",1955,40,334,294,24.55000035,1561.600034,18,15.61600034,-0.211645423841608,1.08846925145038,"Dracaena_arborea"
"Luki","Dracaena_arborea","Dracaena","Asparagaceae","flowers",1956,41,335,294,24.50833384,1564.800014,19,15.64800014,-0.815884896623886,1.09713585594904,"Dracaena_arborea"
"Luki","Dracaena_arborea","Dracaena","Asparagaceae","flowers",1957,40,334,294,24.67500035,828.7000065,20,8.287000065,1.601079810352,-0.896466490459934,"Dracaena_arborea"
"Luki","Empogona_crepiniana","Empogona","Rubiaceae","flowers",1947,45,329,284,24.40000025,1532.000037,10,15.32000037,-2.38691715505412,1.00830266692158,"Empogona_crepiniana"
"Luki","Empogona_crepiniana","Empogona","Rubiaceae","flowers",1948,45.5,330,284.5,24.54166714,1556.000002,11,15.56000002,-0.332491984232284,1.07330251211957,"Empogona_crepiniana"
"Luki","Empogona_crepiniana","Empogona","Rubiaceae","flowers",1949,45,329,284,24.61666695,752.4000154,12,7.524000154,0.755140400941492,-1.10311210890594,"Empogona_crepiniana"
"Luki","Empogona_crepiniana","Empogona","Rubiaceae","flowers",1950,45,329,284,24.61666727,524.5000123,13,5.245000123,0.755145041518115,-1.7203407141193,"Empogona_crepiniana"
"Luki","Empogona_crepiniana","Empogona","Rubiaceae","flowers",1951,40,334,294,24.55833356,1307.700026,14,13.07700026,-0.0907988634509326,0.400824031310839,"Empogona_crepiniana"
"Luki","Empogona_crepiniana","Empogona","Rubiaceae","flowers",1952,41,335,294,24.52500073,1358.000019,15,13.58000019,-0.574184959995657,0.537053053247312,"Empogona_crepiniana"
"Luki","Empogona_crepiniana","Empogona","Rubiaceae","flowers",1953,40,334,294,24.59166702,907.3000212,16,9.073000212,0.392596369228904,-0.683591647181658,"Empogona_crepiniana"
"Luki","Empogona_crepiniana","Empogona","Rubiaceae","flowers",1954,40,334,294,24.61666711,876.0000013,17,8.760000013,0.75514272122983,-0.768362456147161,"Empogona_crepiniana"
"Luki","Empogona_crepiniana","Empogona","Rubiaceae","flowers",1955,40,334,294,24.55000035,1561.600034,18,15.61600034,-0.211645423841608,1.08846925145038,"Empogona_crepiniana"
"Luki","Empogona_crepiniana","Empogona","Rubiaceae","flowers",1956,41,335,294,24.50833384,1564.800014,19,15.64800014,-0.815884896623886,1.09713585594904,"Empogona_crepiniana"
"Luki","Empogona_crepiniana","Empogona","Rubiaceae","flowers",1957,40,334,294,24.67500035,828.7000065,20,8.287000065,1.601079810352,-0.896466490459934,"Empogona_crepiniana"
"Luki","Entandrophragma_angolense","Entandrophragma","Meliaceae","flowers",1947,40,334,294,24.40000025,1532.000037,10,15.32000037,-2.38691715505412,1.00830266692158,"Entandrophragma_angolense"
"Luki","Entandrophragma_angolense","Entandrophragma","Meliaceae","flowers",1948,41,335,294,24.54166714,1556.000002,11,15.56000002,-0.332491984232284,1.07330251211957,"Entandrophragma_angolense"
"Luki","Entandrophragma_angolense","Entandrophragma","Meliaceae","flowers",1949,40,334,294,24.61666695,752.4000154,12,7.524000154,0.755140400941492,-1.10311210890594,"Entandrophragma_angolense"
"Luki","Entandrophragma_angolense","Entandrophragma","Meliaceae","flowers",1950,40,334,294,24.61666727,524.5000123,13,5.245000123,0.755145041518115,-1.7203407141193,"Entandrophragma_angolense"
"Luki","Entandrophragma_angolense","Entandrophragma","Meliaceae","flowers",1951,40,334,294,24.55833356,1307.700026,14,13.07700026,-0.0907988634509326,0.400824031310839,"Entandrophragma_angolense"
"Luki","Entandrophragma_angolense","Entandrophragma","Meliaceae","flowers",1952,41,335,294,24.52500073,1358.000019,15,13.58000019,-0.574184959995657,0.537053053247312,"Entandrophragma_angolense"
"Luki","Entandrophragma_angolense","Entandrophragma","Meliaceae","flowers",1953,40,334,294,24.59166702,907.3000212,16,9.073000212,0.392596369228904,-0.683591647181658,"Entandrophragma_angolense"
"Luki","Entandrophragma_angolense","Entandrophragma","Meliaceae","flowers",1954,40,334,294,24.61666711,876.0000013,17,8.760000013,0.75514272122983,-0.768362456147161,"Entandrophragma_angolense"
"Luki","Entandrophragma_angolense","Entandrophragma","Meliaceae","flowers",1955,40,334,294,24.55000035,1561.600034,18,15.61600034,-0.211645423841608,1.08846925145038,"Entandrophragma_angolense"
"Luki","Entandrophragma_angolense","Entandrophragma","Meliaceae","flowers",1956,41,335,294,24.50833384,1564.800014,19,15.64800014,-0.815884896623886,1.09713585594904,"Entandrophragma_angolense"
"Luki","Entandrophragma_angolense","Entandrophragma","Meliaceae","flowers",1957,40,334,294,24.67500035,828.7000065,20,8.287000065,1.601079810352,-0.896466490459934,"Entandrophragma_angolense"
"Luki","Entandrophragma_utile","Entandrophragma","Meliaceae","flowers",1947,40,334,294,24.40000025,1532.000037,10,15.32000037,-2.38691715505412,1.00830266692158,"Entandrophragma_utile"
"Luki","Entandrophragma_utile","Entandrophragma","Meliaceae","flowers",1948,41,335,294,24.54166714,1556.000002,11,15.56000002,-0.332491984232284,1.07330251211957,"Entandrophragma_utile"
"Luki","Entandrophragma_utile","Entandrophragma","Meliaceae","flowers",1949,40,334,294,24.61666695,752.4000154,12,7.524000154,0.755140400941492,-1.10311210890594,"Entandrophragma_utile"
"Luki","Entandrophragma_utile","Entandrophragma","Meliaceae","flowers",1950,40,334,294,24.61666727,524.5000123,13,5.245000123,0.755145041518115,-1.7203407141193,"Entandrophragma_utile"
"Luki","Entandrophragma_utile","Entandrophragma","Meliaceae","flowers",1951,40,334,294,24.55833356,1307.700026,14,13.07700026,-0.0907988634509326,0.400824031310839,"Entandrophragma_utile"
"Luki","Entandrophragma_utile","Entandrophragma","Meliaceae","flowers",1952,41,335,294,24.52500073,1358.000019,15,13.58000019,-0.574184959995657,0.537053053247312,"Entandrophragma_utile"
"Luki","Entandrophragma_utile","Entandrophragma","Meliaceae","flowers",1953,40,334,294,24.59166702,907.3000212,16,9.073000212,0.392596369228904,-0.683591647181658,"Entandrophragma_utile"
"Luki","Entandrophragma_utile","Entandrophragma","Meliaceae","flowers",1954,40,334,294,24.61666711,876.0000013,17,8.760000013,0.75514272122983,-0.768362456147161,"Entandrophragma_utile"
"Luki","Entandrophragma_utile","Entandrophragma","Meliaceae","flowers",1955,40,334,294,24.55000035,1561.600034,18,15.61600034,-0.211645423841608,1.08846925145038,"Entandrophragma_utile"
"Luki","Entandrophragma_utile","Entandrophragma","Meliaceae","flowers",1956,41,335,294,24.50833384,1564.800014,19,15.64800014,-0.815884896623886,1.09713585594904,"Entandrophragma_utile"
"Luki","Entandrophragma_utile","Entandrophragma","Meliaceae","flowers",1957,40,334,294,24.67500035,828.7000065,20,8.287000065,1.601079810352,-0.896466490459934,"Entandrophragma_utile"
"Luki","Eriocoelum_microspermum","Eriocoelum","Sapindaceae","flowers",1947,40,334,294,24.40000025,1532.000037,10,15.32000037,-2.38691715505412,1.00830266692158,"Eriocoelum_microspermum"
"Luki","Eriocoelum_microspermum","Eriocoelum","Sapindaceae","flowers",1948,41,335,294,24.54166714,1556.000002,11,15.56000002,-0.332491984232284,1.07330251211957,"Eriocoelum_microspermum"
"Luki","Eriocoelum_microspermum","Eriocoelum","Sapindaceae","flowers",1949,40,334,294,24.61666695,752.4000154,12,7.524000154,0.755140400941492,-1.10311210890594,"Eriocoelum_microspermum"
"Luki","Eriocoelum_microspermum","Eriocoelum","Sapindaceae","flowers",1950,40,334,294,24.61666727,524.5000123,13,5.245000123,0.755145041518115,-1.7203407141193,"Eriocoelum_microspermum"
"Luki","Eriocoelum_microspermum","Eriocoelum","Sapindaceae","flowers",1951,40,334,294,24.55833356,1307.700026,14,13.07700026,-0.0907988634509326,0.400824031310839,"Eriocoelum_microspermum"
"Luki","Eriocoelum_microspermum","Eriocoelum","Sapindaceae","flowers",1952,41,335,294,24.52500073,1358.000019,15,13.58000019,-0.574184959995657,0.537053053247312,"Eriocoelum_microspermum"
"Luki","Eriocoelum_microspermum","Eriocoelum","Sapindaceae","flowers",1953,40,334,294,24.59166702,907.3000212,16,9.073000212,0.392596369228904,-0.683591647181658,"Eriocoelum_microspermum"
"Luki","Eriocoelum_microspermum","Eriocoelum","Sapindaceae","flowers",1954,40,334,294,24.61666711,876.0000013,17,8.760000013,0.75514272122983,-0.768362456147161,"Eriocoelum_microspermum"
"Luki","Eriocoelum_microspermum","Eriocoelum","Sapindaceae","flowers",1955,40,334,294,24.55000035,1561.600034,18,15.61600034,-0.211645423841608,1.08846925145038,"Eriocoelum_microspermum"
"Luki","Eriocoelum_microspermum","Eriocoelum","Sapindaceae","flowers",1956,41,335,294,24.50833384,1564.800014,19,15.64800014,-0.815884896623886,1.09713585594904,"Eriocoelum_microspermum"
"Luki","Eriocoelum_microspermum","Eriocoelum","Sapindaceae","flowers",1957,40,334,294,24.67500035,828.7000065,20,8.287000065,1.601079810352,-0.896466490459934,"Eriocoelum_microspermum"
"Luki","Erythrina_droogmansiana","Erythrina","Fabaceae","flowers",1947,41,333,292,24.40000025,1532.000037,10,15.32000037,-2.38691715505412,1.00830266692158,"Erythrina_droogmansiana"
"Luki","Erythrina_droogmansiana","Erythrina","Fabaceae","flowers",1948,41,335,294,24.54166714,1556.000002,11,15.56000002,-0.332491984232284,1.07330251211957,"Erythrina_droogmansiana"
"Luki","Erythrina_droogmansiana","Erythrina","Fabaceae","flowers",1949,40,334,294,24.61666695,752.4000154,12,7.524000154,0.755140400941492,-1.10311210890594,"Erythrina_droogmansiana"
"Luki","Erythrina_droogmansiana","Erythrina","Fabaceae","flowers",1950,40,334,294,24.61666727,524.5000123,13,5.245000123,0.755145041518115,-1.7203407141193,"Erythrina_droogmansiana"
"Luki","Erythrina_droogmansiana","Erythrina","Fabaceae","flowers",1951,40,334,294,24.55833356,1307.700026,14,13.07700026,-0.0907988634509326,0.400824031310839,"Erythrina_droogmansiana"
"Luki","Erythrina_droogmansiana","Erythrina","Fabaceae","flowers",1952,41,335,294,24.52500073,1358.000019,15,13.58000019,-0.574184959995657,0.537053053247312,"Erythrina_droogmansiana"
"Luki","Erythrina_droogmansiana","Erythrina","Fabaceae","flowers",1953,40,334,294,24.59166702,907.3000212,16,9.073000212,0.392596369228904,-0.683591647181658,"Erythrina_droogmansiana"
"Luki","Erythrina_droogmansiana","Erythrina","Fabaceae","flowers",1954,40,334,294,24.61666711,876.0000013,17,8.760000013,0.75514272122983,-0.768362456147161,"Erythrina_droogmansiana"
"Luki","Erythrina_droogmansiana","Erythrina","Fabaceae","flowers",1955,40,334,294,24.55000035,1561.600034,18,15.61600034,-0.211645423841608,1.08846925145038,"Erythrina_droogmansiana"
"Luki","Erythrina_droogmansiana","Erythrina","Fabaceae","flowers",1956,41,335,294,24.50833384,1564.800014,19,15.64800014,-0.815884896623886,1.09713585594904,"Erythrina_droogmansiana"
"Luki","Erythrina_droogmansiana","Erythrina","Fabaceae","flowers",1957,40,334,294,24.67500035,828.7000065,20,8.287000065,1.601079810352,-0.896466490459934,"Erythrina_droogmansiana"
"Luki","Erythrophleum_suaveolens","Erythrophleum","Fabaceae","flowers",1947,40,334,294,24.40000025,1532.000037,10,15.32000037,-2.38691715505412,1.00830266692158,"Erythrophleum_suaveolens"
"Luki","Erythrophleum_suaveolens","Erythrophleum","Fabaceae","flowers",1948,41,335,294,24.54166714,1556.000002,11,15.56000002,-0.332491984232284,1.07330251211957,"Erythrophleum_suaveolens"
"Luki","Erythrophleum_suaveolens","Erythrophleum","Fabaceae","flowers",1949,40,334,294,24.61666695,752.4000154,12,7.524000154,0.755140400941492,-1.10311210890594,"Erythrophleum_suaveolens"
"Luki","Erythrophleum_suaveolens","Erythrophleum","Fabaceae","flowers",1950,40,334,294,24.61666727,524.5000123,13,5.245000123,0.755145041518115,-1.7203407141193,"Erythrophleum_suaveolens"
"Luki","Erythrophleum_suaveolens","Erythrophleum","Fabaceae","flowers",1951,40,334,294,24.55833356,1307.700026,14,13.07700026,-0.0907988634509326,0.400824031310839,"Erythrophleum_suaveolens"
"Luki","Erythrophleum_suaveolens","Erythrophleum","Fabaceae","flowers",1952,41,335,294,24.52500073,1358.000019,15,13.58000019,-0.574184959995657,0.537053053247312,"Erythrophleum_suaveolens"
"Luki","Erythrophleum_suaveolens","Erythrophleum","Fabaceae","flowers",1953,40,334,294,24.59166702,907.3000212,16,9.073000212,0.392596369228904,-0.683591647181658,"Erythrophleum_suaveolens"
"Luki","Erythrophleum_suaveolens","Erythrophleum","Fabaceae","flowers",1954,40,334,294,24.61666711,876.0000013,17,8.760000013,0.75514272122983,-0.768362456147161,"Erythrophleum_suaveolens"
"Luki","Erythrophleum_suaveolens","Erythrophleum","Fabaceae","flowers",1955,40,334,294,24.55000035,1561.600034,18,15.61600034,-0.211645423841608,1.08846925145038,"Erythrophleum_suaveolens"
"Luki","Erythrophleum_suaveolens","Erythrophleum","Fabaceae","flowers",1956,41,335,294,24.50833384,1564.800014,19,15.64800014,-0.815884896623886,1.09713585594904,"Erythrophleum_suaveolens"
"Luki","Erythrophleum_suaveolens","Erythrophleum","Fabaceae","flowers",1957,40,334,294,24.67500035,828.7000065,20,8.287000065,1.601079810352,-0.896466490459934,"Erythrophleum_suaveolens"
"Luki","Ficus_exasperata","Ficus","Moraceae","flowers",1947,45,329,284,24.40000025,1532.000037,10,15.32000037,-2.38691715505412,1.00830266692158,"Ficus_exasperata"
"Luki","Ficus_exasperata","Ficus","Moraceae","flowers",1948,45.5,330,284.5,24.54166714,1556.000002,11,15.56000002,-0.332491984232284,1.07330251211957,"Ficus_exasperata"
"Luki","Ficus_exasperata","Ficus","Moraceae","flowers",1949,45,329,284,24.61666695,752.4000154,12,7.524000154,0.755140400941492,-1.10311210890594,"Ficus_exasperata"
"Luki","Ficus_exasperata","Ficus","Moraceae","flowers",1950,45,329,284,24.61666727,524.5000123,13,5.245000123,0.755145041518115,-1.7203407141193,"Ficus_exasperata"
"Luki","Ficus_exasperata","Ficus","Moraceae","flowers",1951,45,329,284,24.55833356,1307.700026,14,13.07700026,-0.0907988634509326,0.400824031310839,"Ficus_exasperata"
"Luki","Ficus_exasperata","Ficus","Moraceae","flowers",1952,45.5,330,284.5,24.52500073,1358.000019,15,13.58000019,-0.574184959995657,0.537053053247312,"Ficus_exasperata"
"Luki","Ficus_exasperata","Ficus","Moraceae","flowers",1953,45,329,284,24.59166702,907.3000212,16,9.073000212,0.392596369228904,-0.683591647181658,"Ficus_exasperata"
"Luki","Ficus_exasperata","Ficus","Moraceae","flowers",1954,45,329,284,24.61666711,876.0000013,17,8.760000013,0.75514272122983,-0.768362456147161,"Ficus_exasperata"
"Luki","Ficus_exasperata","Ficus","Moraceae","flowers",1955,45,329,284,24.55000035,1561.600034,18,15.61600034,-0.211645423841608,1.08846925145038,"Ficus_exasperata"
"Luki","Ficus_exasperata","Ficus","Moraceae","flowers",1956,45.5,330,284.5,24.50833384,1564.800014,19,15.64800014,-0.815884896623886,1.09713585594904,"Ficus_exasperata"
"Luki","Ficus_exasperata","Ficus","Moraceae","flowers",1957,45,329,284,24.67500035,828.7000065,20,8.287000065,1.601079810352,-0.896466490459934,"Ficus_exasperata"
"Luki","Ficus_mucuso","Ficus","Moraceae","flowers",1947,40,334,294,24.40000025,1532.000037,10,15.32000037,-2.38691715505412,1.00830266692158,"Ficus_mucuso"
"Luki","Ficus_mucuso","Ficus","Moraceae","flowers",1948,41,335,294,24.54166714,1556.000002,11,15.56000002,-0.332491984232284,1.07330251211957,"Ficus_mucuso"
"Luki","Ficus_mucuso","Ficus","Moraceae","flowers",1949,40,334,294,24.61666695,752.4000154,12,7.524000154,0.755140400941492,-1.10311210890594,"Ficus_mucuso"
"Luki","Ficus_mucuso","Ficus","Moraceae","flowers",1950,40,334,294,24.61666727,524.5000123,13,5.245000123,0.755145041518115,-1.7203407141193,"Ficus_mucuso"
"Luki","Ficus_mucuso","Ficus","Moraceae","flowers",1951,40,334,294,24.55833356,1307.700026,14,13.07700026,-0.0907988634509326,0.400824031310839,"Ficus_mucuso"
"Luki","Ficus_mucuso","Ficus","Moraceae","flowers",1952,41,335,294,24.52500073,1358.000019,15,13.58000019,-0.574184959995657,0.537053053247312,"Ficus_mucuso"
"Luki","Ficus_mucuso","Ficus","Moraceae","flowers",1953,40,334,294,24.59166702,907.3000212,16,9.073000212,0.392596369228904,-0.683591647181658,"Ficus_mucuso"
"Luki","Ficus_mucuso","Ficus","Moraceae","flowers",1954,40,334,294,24.61666711,876.0000013,17,8.760000013,0.75514272122983,-0.768362456147161,"Ficus_mucuso"
"Luki","Ficus_mucuso","Ficus","Moraceae","flowers",1955,40,334,294,24.55000035,1561.600034,18,15.61600034,-0.211645423841608,1.08846925145038,"Ficus_mucuso"
"Luki","Ficus_mucuso","Ficus","Moraceae","flowers",1956,41,335,294,24.50833384,1564.800014,19,15.64800014,-0.815884896623886,1.09713585594904,"Ficus_mucuso"
"Luki","Ficus_mucuso","Ficus","Moraceae","flowers",1957,40,334,294,24.67500035,828.7000065,20,8.287000065,1.601079810352,-0.896466490459934,"Ficus_mucuso"
"Luki","Ficus_variifolia","Ficus","Moraceae","flowers",1947,40,334,294,24.40000025,1532.000037,10,15.32000037,-2.38691715505412,1.00830266692158,"Ficus_variifolia"
"Luki","Ficus_variifolia","Ficus","Moraceae","flowers",1948,41,335,294,24.54166714,1556.000002,11,15.56000002,-0.332491984232284,1.07330251211957,"Ficus_variifolia"
"Luki","Ficus_variifolia","Ficus","Moraceae","flowers",1949,40,334,294,24.61666695,752.4000154,12,7.524000154,0.755140400941492,-1.10311210890594,"Ficus_variifolia"
"Luki","Ficus_variifolia","Ficus","Moraceae","flowers",1950,40,334,294,24.61666727,524.5000123,13,5.245000123,0.755145041518115,-1.7203407141193,"Ficus_variifolia"
"Luki","Ficus_variifolia","Ficus","Moraceae","flowers",1951,40,334,294,24.55833356,1307.700026,14,13.07700026,-0.0907988634509326,0.400824031310839,"Ficus_variifolia"
"Luki","Ficus_variifolia","Ficus","Moraceae","flowers",1952,41,335,294,24.52500073,1358.000019,15,13.58000019,-0.574184959995657,0.537053053247312,"Ficus_variifolia"
"Luki","Ficus_variifolia","Ficus","Moraceae","flowers",1953,40,334,294,24.59166702,907.3000212,16,9.073000212,0.392596369228904,-0.683591647181658,"Ficus_variifolia"
"Luki","Ficus_variifolia","Ficus","Moraceae","flowers",1954,40,334,294,24.61666711,876.0000013,17,8.760000013,0.75514272122983,-0.768362456147161,"Ficus_variifolia"
"Luki","Ficus_variifolia","Ficus","Moraceae","flowers",1955,40,334,294,24.55000035,1561.600034,18,15.61600034,-0.211645423841608,1.08846925145038,"Ficus_variifolia"
"Luki","Ficus_variifolia","Ficus","Moraceae","flowers",1956,41,335,294,24.50833384,1564.800014,19,15.64800014,-0.815884896623886,1.09713585594904,"Ficus_variifolia"
"Luki","Ficus_variifolia","Ficus","Moraceae","flowers",1957,40,334,294,24.67500035,828.7000065,20,8.287000065,1.601079810352,-0.896466490459934,"Ficus_variifolia"
"Luki","Fillaeopsis_discophora","Fillaeopsis","Fabaceae","flowers",1948,45.5,330,284.5,24.54166714,1556.000002,11,15.56000002,-0.332491984232284,1.07330251211957,"Fillaeopsis_discophora"
"Luki","Fillaeopsis_discophora","Fillaeopsis","Fabaceae","flowers",1949,45,329,284,24.61666695,752.4000154,12,7.524000154,0.755140400941492,-1.10311210890594,"Fillaeopsis_discophora"
"Luki","Fillaeopsis_discophora","Fillaeopsis","Fabaceae","flowers",1950,41,333,292,24.61666727,524.5000123,13,5.245000123,0.755145041518115,-1.7203407141193,"Fillaeopsis_discophora"
"Luki","Fillaeopsis_discophora","Fillaeopsis","Fabaceae","flowers",1951,41,333,292,24.55833356,1307.700026,14,13.07700026,-0.0907988634509326,0.400824031310839,"Fillaeopsis_discophora"
"Luki","Fillaeopsis_discophora","Fillaeopsis","Fabaceae","flowers",1952,41.9,334,292.1,24.52500073,1358.000019,15,13.58000019,-0.574184959995657,0.537053053247312,"Fillaeopsis_discophora"
"Luki","Fillaeopsis_discophora","Fillaeopsis","Fabaceae","flowers",1953,41,333,292,24.59166702,907.3000212,16,9.073000212,0.392596369228904,-0.683591647181658,"Fillaeopsis_discophora"
"Luki","Fillaeopsis_discophora","Fillaeopsis","Fabaceae","flowers",1954,41,333,292,24.61666711,876.0000013,17,8.760000013,0.75514272122983,-0.768362456147161,"Fillaeopsis_discophora"
"Luki","Fillaeopsis_discophora","Fillaeopsis","Fabaceae","flowers",1955,41,333,292,24.55000035,1561.600034,18,15.61600034,-0.211645423841608,1.08846925145038,"Fillaeopsis_discophora"
"Luki","Fillaeopsis_discophora","Fillaeopsis","Fabaceae","flowers",1956,41.9,334,292.1,24.50833384,1564.800014,19,15.64800014,-0.815884896623886,1.09713585594904,"Fillaeopsis_discophora"
"Luki","Fillaeopsis_discophora","Fillaeopsis","Fabaceae","flowers",1957,41,333,292,24.67500035,828.7000065,20,8.287000065,1.601079810352,-0.896466490459934,"Fillaeopsis_discophora"
"Luki","Funtumia_elastica","Funtumia","Apocynaceae","flowers",1947,40,334,294,24.40000025,1532.000037,10,15.32000037,-2.38691715505412,1.00830266692158,"Funtumia_elastica"
"Luki","Funtumia_elastica","Funtumia","Apocynaceae","flowers",1948,41,335,294,24.54166714,1556.000002,11,15.56000002,-0.332491984232284,1.07330251211957,"Funtumia_elastica"
"Luki","Funtumia_elastica","Funtumia","Apocynaceae","flowers",1949,40,334,294,24.61666695,752.4000154,12,7.524000154,0.755140400941492,-1.10311210890594,"Funtumia_elastica"
"Luki","Funtumia_elastica","Funtumia","Apocynaceae","flowers",1950,40,334,294,24.61666727,524.5000123,13,5.245000123,0.755145041518115,-1.7203407141193,"Funtumia_elastica"
"Luki","Funtumia_elastica","Funtumia","Apocynaceae","flowers",1951,40,334,294,24.55833356,1307.700026,14,13.07700026,-0.0907988634509326,0.400824031310839,"Funtumia_elastica"
"Luki","Funtumia_elastica","Funtumia","Apocynaceae","flowers",1952,41,335,294,24.52500073,1358.000019,15,13.58000019,-0.574184959995657,0.537053053247312,"Funtumia_elastica"
"Luki","Funtumia_elastica","Funtumia","Apocynaceae","flowers",1953,40,334,294,24.59166702,907.3000212,16,9.073000212,0.392596369228904,-0.683591647181658,"Funtumia_elastica"
"Luki","Funtumia_elastica","Funtumia","Apocynaceae","flowers",1954,40,334,294,24.61666711,876.0000013,17,8.760000013,0.75514272122983,-0.768362456147161,"Funtumia_elastica"
"Luki","Funtumia_elastica","Funtumia","Apocynaceae","flowers",1955,40,334,294,24.55000035,1561.600034,18,15.61600034,-0.211645423841608,1.08846925145038,"Funtumia_elastica"
"Luki","Funtumia_elastica","Funtumia","Apocynaceae","flowers",1956,41,335,294,24.50833384,1564.800014,19,15.64800014,-0.815884896623886,1.09713585594904,"Funtumia_elastica"
"Luki","Funtumia_elastica","Funtumia","Apocynaceae","flowers",1957,40,334,294,24.67500035,828.7000065,20,8.287000065,1.601079810352,-0.896466490459934,"Funtumia_elastica"
"Luki","Gambeya_africana","Gambeya","Sapotaceae","flowers",1947,40,334,294,24.40000025,1532.000037,10,15.32000037,-2.38691715505412,1.00830266692158,"Gambeya_africana"
"Luki","Gambeya_africana","Gambeya","Sapotaceae","flowers",1948,41,335,294,24.54166714,1556.000002,11,15.56000002,-0.332491984232284,1.07330251211957,"Gambeya_africana"
"Luki","Gambeya_africana","Gambeya","Sapotaceae","flowers",1949,40,334,294,24.61666695,752.4000154,12,7.524000154,0.755140400941492,-1.10311210890594,"Gambeya_africana"
"Luki","Gambeya_africana","Gambeya","Sapotaceae","flowers",1950,40,334,294,24.61666727,524.5000123,13,5.245000123,0.755145041518115,-1.7203407141193,"Gambeya_africana"
"Luki","Gambeya_africana","Gambeya","Sapotaceae","flowers",1951,40,334,294,24.55833356,1307.700026,14,13.07700026,-0.0907988634509326,0.400824031310839,"Gambeya_africana"
"Luki","Gambeya_africana","Gambeya","Sapotaceae","flowers",1952,41,335,294,24.52500073,1358.000019,15,13.58000019,-0.574184959995657,0.537053053247312,"Gambeya_africana"
"Luki","Gambeya_africana","Gambeya","Sapotaceae","flowers",1953,40,334,294,24.59166702,907.3000212,16,9.073000212,0.392596369228904,-0.683591647181658,"Gambeya_africana"
"Luki","Gambeya_africana","Gambeya","Sapotaceae","flowers",1954,40,334,294,24.61666711,876.0000013,17,8.760000013,0.75514272122983,-0.768362456147161,"Gambeya_africana"
"Luki","Gambeya_africana","Gambeya","Sapotaceae","flowers",1955,40,334,294,24.55000035,1561.600034,18,15.61600034,-0.211645423841608,1.08846925145038,"Gambeya_africana"
"Luki","Gambeya_africana","Gambeya","Sapotaceae","flowers",1956,41,335,294,24.50833384,1564.800014,19,15.64800014,-0.815884896623886,1.09713585594904,"Gambeya_africana"
"Luki","Gambeya_africana","Gambeya","Sapotaceae","flowers",1957,40,334,294,24.67500035,828.7000065,20,8.287000065,1.601079810352,-0.896466490459934,"Gambeya_africana"
"Luki","Ganophyllum_giganteum","Ganophyllum","Sapindaceae","flowers",1947,40,334,294,24.40000025,1532.000037,10,15.32000037,-2.38691715505412,1.00830266692158,"Ganophyllum_giganteum"
"Luki","Ganophyllum_giganteum","Ganophyllum","Sapindaceae","flowers",1948,41,335,294,24.54166714,1556.000002,11,15.56000002,-0.332491984232284,1.07330251211957,"Ganophyllum_giganteum"
"Luki","Ganophyllum_giganteum","Ganophyllum","Sapindaceae","flowers",1949,40,334,294,24.61666695,752.4000154,12,7.524000154,0.755140400941492,-1.10311210890594,"Ganophyllum_giganteum"
"Luki","Ganophyllum_giganteum","Ganophyllum","Sapindaceae","flowers",1950,40,334,294,24.61666727,524.5000123,13,5.245000123,0.755145041518115,-1.7203407141193,"Ganophyllum_giganteum"
"Luki","Ganophyllum_giganteum","Ganophyllum","Sapindaceae","flowers",1951,40,334,294,24.55833356,1307.700026,14,13.07700026,-0.0907988634509326,0.400824031310839,"Ganophyllum_giganteum"
"Luki","Ganophyllum_giganteum","Ganophyllum","Sapindaceae","flowers",1952,41,335,294,24.52500073,1358.000019,15,13.58000019,-0.574184959995657,0.537053053247312,"Ganophyllum_giganteum"
"Luki","Ganophyllum_giganteum","Ganophyllum","Sapindaceae","flowers",1953,40,334,294,24.59166702,907.3000212,16,9.073000212,0.392596369228904,-0.683591647181658,"Ganophyllum_giganteum"
"Luki","Ganophyllum_giganteum","Ganophyllum","Sapindaceae","flowers",1954,40,334,294,24.61666711,876.0000013,17,8.760000013,0.75514272122983,-0.768362456147161,"Ganophyllum_giganteum"
"Luki","Ganophyllum_giganteum","Ganophyllum","Sapindaceae","flowers",1955,40,334,294,24.55000035,1561.600034,18,15.61600034,-0.211645423841608,1.08846925145038,"Ganophyllum_giganteum"
"Luki","Ganophyllum_giganteum","Ganophyllum","Sapindaceae","flowers",1956,41,335,294,24.50833384,1564.800014,19,15.64800014,-0.815884896623886,1.09713585594904,"Ganophyllum_giganteum"
"Luki","Ganophyllum_giganteum","Ganophyllum","Sapindaceae","flowers",1957,40,334,294,24.67500035,828.7000065,20,8.287000065,1.601079810352,-0.896466490459934,"Ganophyllum_giganteum"
"Luki","Garcinia_epunctata","Garcinia","Clusiaceae","flowers",1947,40,334,294,24.40000025,1532.000037,10,15.32000037,-2.38691715505412,1.00830266692158,"Garcinia_epunctata"
"Luki","Garcinia_epunctata","Garcinia","Clusiaceae","flowers",1948,41,335,294,24.54166714,1556.000002,11,15.56000002,-0.332491984232284,1.07330251211957,"Garcinia_epunctata"
"Luki","Garcinia_epunctata","Garcinia","Clusiaceae","flowers",1949,40,334,294,24.61666695,752.4000154,12,7.524000154,0.755140400941492,-1.10311210890594,"Garcinia_epunctata"
"Luki","Garcinia_epunctata","Garcinia","Clusiaceae","flowers",1950,40,334,294,24.61666727,524.5000123,13,5.245000123,0.755145041518115,-1.7203407141193,"Garcinia_epunctata"
"Luki","Garcinia_epunctata","Garcinia","Clusiaceae","flowers",1951,40,334,294,24.55833356,1307.700026,14,13.07700026,-0.0907988634509326,0.400824031310839,"Garcinia_epunctata"
"Luki","Garcinia_epunctata","Garcinia","Clusiaceae","flowers",1952,41,335,294,24.52500073,1358.000019,15,13.58000019,-0.574184959995657,0.537053053247312,"Garcinia_epunctata"
"Luki","Garcinia_epunctata","Garcinia","Clusiaceae","flowers",1953,40,334,294,24.59166702,907.3000212,16,9.073000212,0.392596369228904,-0.683591647181658,"Garcinia_epunctata"
"Luki","Garcinia_epunctata","Garcinia","Clusiaceae","flowers",1954,40,334,294,24.61666711,876.0000013,17,8.760000013,0.75514272122983,-0.768362456147161,"Garcinia_epunctata"
"Luki","Garcinia_epunctata","Garcinia","Clusiaceae","flowers",1955,40,334,294,24.55000035,1561.600034,18,15.61600034,-0.211645423841608,1.08846925145038,"Garcinia_epunctata"
"Luki","Garcinia_epunctata","Garcinia","Clusiaceae","flowers",1956,41,335,294,24.50833384,1564.800014,19,15.64800014,-0.815884896623886,1.09713585594904,"Garcinia_epunctata"
"Luki","Garcinia_epunctata","Garcinia","Clusiaceae","flowers",1957,40,334,294,24.67500035,828.7000065,20,8.287000065,1.601079810352,-0.896466490459934,"Garcinia_epunctata"
"Luki","Harungana_madagascariensis","Harungana","Hypericaceae","flowers",1947,40,334,294,24.40000025,1532.000037,10,15.32000037,-2.38691715505412,1.00830266692158,"Harungana_madagascariensis"
"Luki","Harungana_madagascariensis","Harungana","Hypericaceae","flowers",1948,41,335,294,24.54166714,1556.000002,11,15.56000002,-0.332491984232284,1.07330251211957,"Harungana_madagascariensis"
"Luki","Harungana_madagascariensis","Harungana","Hypericaceae","flowers",1949,40,334,294,24.61666695,752.4000154,12,7.524000154,0.755140400941492,-1.10311210890594,"Harungana_madagascariensis"
"Luki","Harungana_madagascariensis","Harungana","Hypericaceae","flowers",1950,40,334,294,24.61666727,524.5000123,13,5.245000123,0.755145041518115,-1.7203407141193,"Harungana_madagascariensis"
"Luki","Harungana_madagascariensis","Harungana","Hypericaceae","flowers",1951,40,334,294,24.55833356,1307.700026,14,13.07700026,-0.0907988634509326,0.400824031310839,"Harungana_madagascariensis"
"Luki","Harungana_madagascariensis","Harungana","Hypericaceae","flowers",1952,41,335,294,24.52500073,1358.000019,15,13.58000019,-0.574184959995657,0.537053053247312,"Harungana_madagascariensis"
"Luki","Harungana_madagascariensis","Harungana","Hypericaceae","flowers",1953,40,334,294,24.59166702,907.3000212,16,9.073000212,0.392596369228904,-0.683591647181658,"Harungana_madagascariensis"
"Luki","Harungana_madagascariensis","Harungana","Hypericaceae","flowers",1954,40,334,294,24.61666711,876.0000013,17,8.760000013,0.75514272122983,-0.768362456147161,"Harungana_madagascariensis"
"Luki","Harungana_madagascariensis","Harungana","Hypericaceae","flowers",1955,40,334,294,24.55000035,1561.600034,18,15.61600034,-0.211645423841608,1.08846925145038,"Harungana_madagascariensis"
"Luki","Harungana_madagascariensis","Harungana","Hypericaceae","flowers",1956,41,335,294,24.50833384,1564.800014,19,15.64800014,-0.815884896623886,1.09713585594904,"Harungana_madagascariensis"
"Luki","Harungana_madagascariensis","Harungana","Hypericaceae","flowers",1957,40,334,294,24.67500035,828.7000065,20,8.287000065,1.601079810352,-0.896466490459934,"Harungana_madagascariensis"
"Luki","Hexalobus_crispiflorus","Hexalobus","Annonaceae","flowers",1947,40,334,294,24.40000025,1532.000037,10,15.32000037,-2.38691715505412,1.00830266692158,"Hexalobus_crispiflorus"
"Luki","Hexalobus_crispiflorus","Hexalobus","Annonaceae","flowers",1948,41,335,294,24.54166714,1556.000002,11,15.56000002,-0.332491984232284,1.07330251211957,"Hexalobus_crispiflorus"
"Luki","Hexalobus_crispiflorus","Hexalobus","Annonaceae","flowers",1949,40,334,294,24.61666695,752.4000154,12,7.524000154,0.755140400941492,-1.10311210890594,"Hexalobus_crispiflorus"
"Luki","Hexalobus_crispiflorus","Hexalobus","Annonaceae","flowers",1950,40,334,294,24.61666727,524.5000123,13,5.245000123,0.755145041518115,-1.7203407141193,"Hexalobus_crispiflorus"
"Luki","Hexalobus_crispiflorus","Hexalobus","Annonaceae","flowers",1951,40,334,294,24.55833356,1307.700026,14,13.07700026,-0.0907988634509326,0.400824031310839,"Hexalobus_crispiflorus"
"Luki","Hexalobus_crispiflorus","Hexalobus","Annonaceae","flowers",1952,41,335,294,24.52500073,1358.000019,15,13.58000019,-0.574184959995657,0.537053053247312,"Hexalobus_crispiflorus"
"Luki","Hexalobus_crispiflorus","Hexalobus","Annonaceae","flowers",1953,40,334,294,24.59166702,907.3000212,16,9.073000212,0.392596369228904,-0.683591647181658,"Hexalobus_crispiflorus"
"Luki","Hexalobus_crispiflorus","Hexalobus","Annonaceae","flowers",1954,40,334,294,24.61666711,876.0000013,17,8.760000013,0.75514272122983,-0.768362456147161,"Hexalobus_crispiflorus"
"Luki","Hexalobus_crispiflorus","Hexalobus","Annonaceae","flowers",1955,40,334,294,24.55000035,1561.600034,18,15.61600034,-0.211645423841608,1.08846925145038,"Hexalobus_crispiflorus"
"Luki","Hexalobus_crispiflorus","Hexalobus","Annonaceae","flowers",1956,41,335,294,24.50833384,1564.800014,19,15.64800014,-0.815884896623886,1.09713585594904,"Hexalobus_crispiflorus"
"Luki","Hexalobus_crispiflorus","Hexalobus","Annonaceae","flowers",1957,40,334,294,24.67500035,828.7000065,20,8.287000065,1.601079810352,-0.896466490459934,"Hexalobus_crispiflorus"
"Luki","Holoptelea_grandis","Holoptelea","Ulmaceae","flowers",1947,40,334,294,24.40000025,1532.000037,10,15.32000037,-2.38691715505412,1.00830266692158,"Holoptelea_grandis"
"Luki","Holoptelea_grandis","Holoptelea","Ulmaceae","flowers",1948,41,335,294,24.54166714,1556.000002,11,15.56000002,-0.332491984232284,1.07330251211957,"Holoptelea_grandis"
"Luki","Holoptelea_grandis","Holoptelea","Ulmaceae","flowers",1949,40,334,294,24.61666695,752.4000154,12,7.524000154,0.755140400941492,-1.10311210890594,"Holoptelea_grandis"
"Luki","Holoptelea_grandis","Holoptelea","Ulmaceae","flowers",1950,40,334,294,24.61666727,524.5000123,13,5.245000123,0.755145041518115,-1.7203407141193,"Holoptelea_grandis"
"Luki","Holoptelea_grandis","Holoptelea","Ulmaceae","flowers",1951,40,334,294,24.55833356,1307.700026,14,13.07700026,-0.0907988634509326,0.400824031310839,"Holoptelea_grandis"
"Luki","Holoptelea_grandis","Holoptelea","Ulmaceae","flowers",1952,41,335,294,24.52500073,1358.000019,15,13.58000019,-0.574184959995657,0.537053053247312,"Holoptelea_grandis"
"Luki","Holoptelea_grandis","Holoptelea","Ulmaceae","flowers",1953,40,334,294,24.59166702,907.3000212,16,9.073000212,0.392596369228904,-0.683591647181658,"Holoptelea_grandis"
"Luki","Holoptelea_grandis","Holoptelea","Ulmaceae","flowers",1954,40,334,294,24.61666711,876.0000013,17,8.760000013,0.75514272122983,-0.768362456147161,"Holoptelea_grandis"
"Luki","Holoptelea_grandis","Holoptelea","Ulmaceae","flowers",1955,40,334,294,24.55000035,1561.600034,18,15.61600034,-0.211645423841608,1.08846925145038,"Holoptelea_grandis"
"Luki","Holoptelea_grandis","Holoptelea","Ulmaceae","flowers",1956,41,335,294,24.50833384,1564.800014,19,15.64800014,-0.815884896623886,1.09713585594904,"Holoptelea_grandis"
"Luki","Holoptelea_grandis","Holoptelea","Ulmaceae","flowers",1957,40,334,294,24.67500035,828.7000065,20,8.287000065,1.601079810352,-0.896466490459934,"Holoptelea_grandis"
"Luki","Hua_gabonii","Hua","Huaceae","flowers",1947,40,334,294,24.40000025,1532.000037,10,15.32000037,-2.38691715505412,1.00830266692158,"Hua_gabonii"
"Luki","Hua_gabonii","Hua","Huaceae","flowers",1948,41,335,294,24.54166714,1556.000002,11,15.56000002,-0.332491984232284,1.07330251211957,"Hua_gabonii"
"Luki","Hua_gabonii","Hua","Huaceae","flowers",1949,40,334,294,24.61666695,752.4000154,12,7.524000154,0.755140400941492,-1.10311210890594,"Hua_gabonii"
"Luki","Hua_gabonii","Hua","Huaceae","flowers",1950,40,334,294,24.61666727,524.5000123,13,5.245000123,0.755145041518115,-1.7203407141193,"Hua_gabonii"
"Luki","Hua_gabonii","Hua","Huaceae","flowers",1951,40,334,294,24.55833356,1307.700026,14,13.07700026,-0.0907988634509326,0.400824031310839,"Hua_gabonii"
"Luki","Hua_gabonii","Hua","Huaceae","flowers",1952,41,335,294,24.52500073,1358.000019,15,13.58000019,-0.574184959995657,0.537053053247312,"Hua_gabonii"
"Luki","Hua_gabonii","Hua","Huaceae","flowers",1953,40,334,294,24.59166702,907.3000212,16,9.073000212,0.392596369228904,-0.683591647181658,"Hua_gabonii"
"Luki","Hua_gabonii","Hua","Huaceae","flowers",1954,40,334,294,24.61666711,876.0000013,17,8.760000013,0.75514272122983,-0.768362456147161,"Hua_gabonii"
"Luki","Hua_gabonii","Hua","Huaceae","flowers",1955,40,334,294,24.55000035,1561.600034,18,15.61600034,-0.211645423841608,1.08846925145038,"Hua_gabonii"
"Luki","Hua_gabonii","Hua","Huaceae","flowers",1956,41,335,294,24.50833384,1564.800014,19,15.64800014,-0.815884896623886,1.09713585594904,"Hua_gabonii"
"Luki","Hua_gabonii","Hua","Huaceae","flowers",1957,40,334,294,24.67500035,828.7000065,20,8.287000065,1.601079810352,-0.896466490459934,"Hua_gabonii"
"Luki","Hylodendron_gabunense","Hylodendron","Fabaceae","flowers",1947,40,334,294,24.40000025,1532.000037,10,15.32000037,-2.38691715505412,1.00830266692158,"Hylodendron_gabunense"
"Luki","Hylodendron_gabunense","Hylodendron","Fabaceae","flowers",1948,41,335,294,24.54166714,1556.000002,11,15.56000002,-0.332491984232284,1.07330251211957,"Hylodendron_gabunense"
"Luki","Hylodendron_gabunense","Hylodendron","Fabaceae","flowers",1949,40,334,294,24.61666695,752.4000154,12,7.524000154,0.755140400941492,-1.10311210890594,"Hylodendron_gabunense"
"Luki","Hylodendron_gabunense","Hylodendron","Fabaceae","flowers",1950,40,334,294,24.61666727,524.5000123,13,5.245000123,0.755145041518115,-1.7203407141193,"Hylodendron_gabunense"
"Luki","Hylodendron_gabunense","Hylodendron","Fabaceae","flowers",1951,40,334,294,24.55833356,1307.700026,14,13.07700026,-0.0907988634509326,0.400824031310839,"Hylodendron_gabunense"
"Luki","Hylodendron_gabunense","Hylodendron","Fabaceae","flowers",1952,41,335,294,24.52500073,1358.000019,15,13.58000019,-0.574184959995657,0.537053053247312,"Hylodendron_gabunense"
"Luki","Hylodendron_gabunense","Hylodendron","Fabaceae","flowers",1953,40,334,294,24.59166702,907.3000212,16,9.073000212,0.392596369228904,-0.683591647181658,"Hylodendron_gabunense"
"Luki","Hylodendron_gabunense","Hylodendron","Fabaceae","flowers",1954,40,334,294,24.61666711,876.0000013,17,8.760000013,0.75514272122983,-0.768362456147161,"Hylodendron_gabunense"
"Luki","Hylodendron_gabunense","Hylodendron","Fabaceae","flowers",1955,40,334,294,24.55000035,1561.600034,18,15.61600034,-0.211645423841608,1.08846925145038,"Hylodendron_gabunense"
"Luki","Hylodendron_gabunense","Hylodendron","Fabaceae","flowers",1956,41,335,294,24.50833384,1564.800014,19,15.64800014,-0.815884896623886,1.09713585594904,"Hylodendron_gabunense"
"Luki","Hylodendron_gabunense","Hylodendron","Fabaceae","flowers",1957,40,334,294,24.67500035,828.7000065,20,8.287000065,1.601079810352,-0.896466490459934,"Hylodendron_gabunense"
"Luki","Hymenocardia_ulmoides","Hymenocardia","Phyllanthaceae","flowers",1947,40,334,294,24.40000025,1532.000037,10,15.32000037,-2.38691715505412,1.00830266692158,"Hymenocardia_ulmoides"
"Luki","Hymenocardia_ulmoides","Hymenocardia","Phyllanthaceae","flowers",1948,41,335,294,24.54166714,1556.000002,11,15.56000002,-0.332491984232284,1.07330251211957,"Hymenocardia_ulmoides"
"Luki","Hymenocardia_ulmoides","Hymenocardia","Phyllanthaceae","flowers",1949,40,334,294,24.61666695,752.4000154,12,7.524000154,0.755140400941492,-1.10311210890594,"Hymenocardia_ulmoides"
"Luki","Hymenocardia_ulmoides","Hymenocardia","Phyllanthaceae","flowers",1950,40,334,294,24.61666727,524.5000123,13,5.245000123,0.755145041518115,-1.7203407141193,"Hymenocardia_ulmoides"
"Luki","Hymenocardia_ulmoides","Hymenocardia","Phyllanthaceae","flowers",1951,40,334,294,24.55833356,1307.700026,14,13.07700026,-0.0907988634509326,0.400824031310839,"Hymenocardia_ulmoides"
"Luki","Hymenocardia_ulmoides","Hymenocardia","Phyllanthaceae","flowers",1952,41,335,294,24.52500073,1358.000019,15,13.58000019,-0.574184959995657,0.537053053247312,"Hymenocardia_ulmoides"
"Luki","Hymenocardia_ulmoides","Hymenocardia","Phyllanthaceae","flowers",1953,40,334,294,24.59166702,907.3000212,16,9.073000212,0.392596369228904,-0.683591647181658,"Hymenocardia_ulmoides"
"Luki","Hymenocardia_ulmoides","Hymenocardia","Phyllanthaceae","flowers",1954,40,334,294,24.61666711,876.0000013,17,8.760000013,0.75514272122983,-0.768362456147161,"Hymenocardia_ulmoides"
"Luki","Hymenocardia_ulmoides","Hymenocardia","Phyllanthaceae","flowers",1955,40,334,294,24.55000035,1561.600034,18,15.61600034,-0.211645423841608,1.08846925145038,"Hymenocardia_ulmoides"
"Luki","Hymenocardia_ulmoides","Hymenocardia","Phyllanthaceae","flowers",1956,41,335,294,24.50833384,1564.800014,19,15.64800014,-0.815884896623886,1.09713585594904,"Hymenocardia_ulmoides"
"Luki","Hymenocardia_ulmoides","Hymenocardia","Phyllanthaceae","flowers",1957,40,334,294,24.67500035,828.7000065,20,8.287000065,1.601079810352,-0.896466490459934,"Hymenocardia_ulmoides"
"Luki","Irvingia_gabonensis","Irvingia","Irvingiaceae","flowers",1947,45,329,284,24.40000025,1532.000037,10,15.32000037,-2.38691715505412,1.00830266692158,"Irvingia_gabonensis"
"Luki","Irvingia_gabonensis","Irvingia","Irvingiaceae","flowers",1948,45.5,330,284.5,24.54166714,1556.000002,11,15.56000002,-0.332491984232284,1.07330251211957,"Irvingia_gabonensis"
"Luki","Irvingia_gabonensis","Irvingia","Irvingiaceae","flowers",1949,45,329,284,24.61666695,752.4000154,12,7.524000154,0.755140400941492,-1.10311210890594,"Irvingia_gabonensis"
"Luki","Irvingia_gabonensis","Irvingia","Irvingiaceae","flowers",1950,45,329,284,24.61666727,524.5000123,13,5.245000123,0.755145041518115,-1.7203407141193,"Irvingia_gabonensis"
"Luki","Irvingia_gabonensis","Irvingia","Irvingiaceae","flowers",1951,45,329,284,24.55833356,1307.700026,14,13.07700026,-0.0907988634509326,0.400824031310839,"Irvingia_gabonensis"
"Luki","Irvingia_gabonensis","Irvingia","Irvingiaceae","flowers",1952,45.5,330,284.5,24.52500073,1358.000019,15,13.58000019,-0.574184959995657,0.537053053247312,"Irvingia_gabonensis"
"Luki","Irvingia_gabonensis","Irvingia","Irvingiaceae","flowers",1953,45,329,284,24.59166702,907.3000212,16,9.073000212,0.392596369228904,-0.683591647181658,"Irvingia_gabonensis"
"Luki","Irvingia_gabonensis","Irvingia","Irvingiaceae","flowers",1954,41,333,292,24.61666711,876.0000013,17,8.760000013,0.75514272122983,-0.768362456147161,"Irvingia_gabonensis"
"Luki","Irvingia_gabonensis","Irvingia","Irvingiaceae","flowers",1955,41,333,292,24.55000035,1561.600034,18,15.61600034,-0.211645423841608,1.08846925145038,"Irvingia_gabonensis"
"Luki","Irvingia_gabonensis","Irvingia","Irvingiaceae","flowers",1956,41.9,334,292.1,24.50833384,1564.800014,19,15.64800014,-0.815884896623886,1.09713585594904,"Irvingia_gabonensis"
"Luki","Irvingia_gabonensis","Irvingia","Irvingiaceae","flowers",1957,40,334,294,24.67500035,828.7000065,20,8.287000065,1.601079810352,-0.896466490459934,"Irvingia_gabonensis"
"Luki","Irvingia_grandifolia","Irvingia","Irvingiaceae","flowers",1947,40,334,294,24.40000025,1532.000037,10,15.32000037,-2.38691715505412,1.00830266692158,"Irvingia_grandifolia"
"Luki","Irvingia_grandifolia","Irvingia","Irvingiaceae","flowers",1948,41,335,294,24.54166714,1556.000002,11,15.56000002,-0.332491984232284,1.07330251211957,"Irvingia_grandifolia"
"Luki","Irvingia_grandifolia","Irvingia","Irvingiaceae","flowers",1949,40,334,294,24.61666695,752.4000154,12,7.524000154,0.755140400941492,-1.10311210890594,"Irvingia_grandifolia"
"Luki","Irvingia_grandifolia","Irvingia","Irvingiaceae","flowers",1950,40,334,294,24.61666727,524.5000123,13,5.245000123,0.755145041518115,-1.7203407141193,"Irvingia_grandifolia"
"Luki","Irvingia_grandifolia","Irvingia","Irvingiaceae","flowers",1951,40,334,294,24.55833356,1307.700026,14,13.07700026,-0.0907988634509326,0.400824031310839,"Irvingia_grandifolia"
"Luki","Irvingia_grandifolia","Irvingia","Irvingiaceae","flowers",1952,41,335,294,24.52500073,1358.000019,15,13.58000019,-0.574184959995657,0.537053053247312,"Irvingia_grandifolia"
"Luki","Irvingia_grandifolia","Irvingia","Irvingiaceae","flowers",1953,40,334,294,24.59166702,907.3000212,16,9.073000212,0.392596369228904,-0.683591647181658,"Irvingia_grandifolia"
"Luki","Irvingia_grandifolia","Irvingia","Irvingiaceae","flowers",1954,40,334,294,24.61666711,876.0000013,17,8.760000013,0.75514272122983,-0.768362456147161,"Irvingia_grandifolia"
"Luki","Irvingia_grandifolia","Irvingia","Irvingiaceae","flowers",1955,40,334,294,24.55000035,1561.600034,18,15.61600034,-0.211645423841608,1.08846925145038,"Irvingia_grandifolia"
"Luki","Irvingia_grandifolia","Irvingia","Irvingiaceae","flowers",1956,41,335,294,24.50833384,1564.800014,19,15.64800014,-0.815884896623886,1.09713585594904,"Irvingia_grandifolia"
"Luki","Irvingia_grandifolia","Irvingia","Irvingiaceae","flowers",1957,40,334,294,24.67500035,828.7000065,20,8.287000065,1.601079810352,-0.896466490459934,"Irvingia_grandifolia"
"Luki","Isolona_dewevrei","Isolona","Annonaceae","flowers",1947,40,334,294,24.40000025,1532.000037,10,15.32000037,-2.38691715505412,1.00830266692158,"Isolona_dewevrei"
"Luki","Isolona_dewevrei","Isolona","Annonaceae","flowers",1948,41,335,294,24.54166714,1556.000002,11,15.56000002,-0.332491984232284,1.07330251211957,"Isolona_dewevrei"
"Luki","Isolona_dewevrei","Isolona","Annonaceae","flowers",1949,40,334,294,24.61666695,752.4000154,12,7.524000154,0.755140400941492,-1.10311210890594,"Isolona_dewevrei"
"Luki","Isolona_dewevrei","Isolona","Annonaceae","flowers",1950,40,334,294,24.61666727,524.5000123,13,5.245000123,0.755145041518115,-1.7203407141193,"Isolona_dewevrei"
"Luki","Isolona_dewevrei","Isolona","Annonaceae","flowers",1951,40,334,294,24.55833356,1307.700026,14,13.07700026,-0.0907988634509326,0.400824031310839,"Isolona_dewevrei"
"Luki","Isolona_dewevrei","Isolona","Annonaceae","flowers",1952,41,335,294,24.52500073,1358.000019,15,13.58000019,-0.574184959995657,0.537053053247312,"Isolona_dewevrei"
"Luki","Isolona_dewevrei","Isolona","Annonaceae","flowers",1953,40,334,294,24.59166702,907.3000212,16,9.073000212,0.392596369228904,-0.683591647181658,"Isolona_dewevrei"
"Luki","Isolona_dewevrei","Isolona","Annonaceae","flowers",1954,40,334,294,24.61666711,876.0000013,17,8.760000013,0.75514272122983,-0.768362456147161,"Isolona_dewevrei"
"Luki","Isolona_dewevrei","Isolona","Annonaceae","flowers",1955,40,334,294,24.55000035,1561.600034,18,15.61600034,-0.211645423841608,1.08846925145038,"Isolona_dewevrei"
"Luki","Isolona_dewevrei","Isolona","Annonaceae","flowers",1956,41,335,294,24.50833384,1564.800014,19,15.64800014,-0.815884896623886,1.09713585594904,"Isolona_dewevrei"
"Luki","Isolona_dewevrei","Isolona","Annonaceae","flowers",1957,40,334,294,24.67500035,828.7000065,20,8.287000065,1.601079810352,-0.896466490459934,"Isolona_dewevrei"
"Luki","Klainedoxa_gabonensis","Klainedoxa","Irvingiaceae","flowers",1947,40,334,294,24.40000025,1532.000037,10,15.32000037,-2.38691715505412,1.00830266692158,"Klainedoxa_gabonensis"
"Luki","Klainedoxa_gabonensis","Klainedoxa","Irvingiaceae","flowers",1948,41,335,294,24.54166714,1556.000002,11,15.56000002,-0.332491984232284,1.07330251211957,"Klainedoxa_gabonensis"
"Luki","Klainedoxa_gabonensis","Klainedoxa","Irvingiaceae","flowers",1949,40,334,294,24.61666695,752.4000154,12,7.524000154,0.755140400941492,-1.10311210890594,"Klainedoxa_gabonensis"
"Luki","Klainedoxa_gabonensis","Klainedoxa","Irvingiaceae","flowers",1950,40,334,294,24.61666727,524.5000123,13,5.245000123,0.755145041518115,-1.7203407141193,"Klainedoxa_gabonensis"
"Luki","Klainedoxa_gabonensis","Klainedoxa","Irvingiaceae","flowers",1951,40,334,294,24.55833356,1307.700026,14,13.07700026,-0.0907988634509326,0.400824031310839,"Klainedoxa_gabonensis"
"Luki","Klainedoxa_gabonensis","Klainedoxa","Irvingiaceae","flowers",1952,41,335,294,24.52500073,1358.000019,15,13.58000019,-0.574184959995657,0.537053053247312,"Klainedoxa_gabonensis"
"Luki","Klainedoxa_gabonensis","Klainedoxa","Irvingiaceae","flowers",1953,40,334,294,24.59166702,907.3000212,16,9.073000212,0.392596369228904,-0.683591647181658,"Klainedoxa_gabonensis"
"Luki","Klainedoxa_gabonensis","Klainedoxa","Irvingiaceae","flowers",1954,40,334,294,24.61666711,876.0000013,17,8.760000013,0.75514272122983,-0.768362456147161,"Klainedoxa_gabonensis"
"Luki","Klainedoxa_gabonensis","Klainedoxa","Irvingiaceae","flowers",1955,40,334,294,24.55000035,1561.600034,18,15.61600034,-0.211645423841608,1.08846925145038,"Klainedoxa_gabonensis"
"Luki","Klainedoxa_gabonensis","Klainedoxa","Irvingiaceae","flowers",1956,41,335,294,24.50833384,1564.800014,19,15.64800014,-0.815884896623886,1.09713585594904,"Klainedoxa_gabonensis"
"Luki","Klainedoxa_gabonensis","Klainedoxa","Irvingiaceae","flowers",1957,40,334,294,24.67500035,828.7000065,20,8.287000065,1.601079810352,-0.896466490459934,"Klainedoxa_gabonensis"
"Luki","Lannea_welwitschii","Lannea","Anacardiaceae","flowers",1947,40,334,294,24.40000025,1532.000037,10,15.32000037,-2.38691715505412,1.00830266692158,"Lannea_welwitschii"
"Luki","Lannea_welwitschii","Lannea","Anacardiaceae","flowers",1948,41,335,294,24.54166714,1556.000002,11,15.56000002,-0.332491984232284,1.07330251211957,"Lannea_welwitschii"
"Luki","Lannea_welwitschii","Lannea","Anacardiaceae","flowers",1949,40,334,294,24.61666695,752.4000154,12,7.524000154,0.755140400941492,-1.10311210890594,"Lannea_welwitschii"
"Luki","Lannea_welwitschii","Lannea","Anacardiaceae","flowers",1950,40,334,294,24.61666727,524.5000123,13,5.245000123,0.755145041518115,-1.7203407141193,"Lannea_welwitschii"
"Luki","Lannea_welwitschii","Lannea","Anacardiaceae","flowers",1951,40,334,294,24.55833356,1307.700026,14,13.07700026,-0.0907988634509326,0.400824031310839,"Lannea_welwitschii"
"Luki","Lannea_welwitschii","Lannea","Anacardiaceae","flowers",1952,41,335,294,24.52500073,1358.000019,15,13.58000019,-0.574184959995657,0.537053053247312,"Lannea_welwitschii"
"Luki","Lannea_welwitschii","Lannea","Anacardiaceae","flowers",1953,40,334,294,24.59166702,907.3000212,16,9.073000212,0.392596369228904,-0.683591647181658,"Lannea_welwitschii"
"Luki","Lannea_welwitschii","Lannea","Anacardiaceae","flowers",1954,40,334,294,24.61666711,876.0000013,17,8.760000013,0.75514272122983,-0.768362456147161,"Lannea_welwitschii"
"Luki","Lannea_welwitschii","Lannea","Anacardiaceae","flowers",1955,40,334,294,24.55000035,1561.600034,18,15.61600034,-0.211645423841608,1.08846925145038,"Lannea_welwitschii"
"Luki","Lannea_welwitschii","Lannea","Anacardiaceae","flowers",1956,41,335,294,24.50833384,1564.800014,19,15.64800014,-0.815884896623886,1.09713585594904,"Lannea_welwitschii"
"Luki","Lannea_welwitschii","Lannea","Anacardiaceae","flowers",1957,40,334,294,24.67500035,828.7000065,20,8.287000065,1.601079810352,-0.896466490459934,"Lannea_welwitschii"
"Luki","Leplaea_cedrata","Leplaea","Meliaceae","flowers",1947,40,334,294,24.40000025,1532.000037,10,15.32000037,-2.38691715505412,1.00830266692158,"Leplaea_cedrata"
"Luki","Leplaea_cedrata","Leplaea","Meliaceae","flowers",1948,41,335,294,24.54166714,1556.000002,11,15.56000002,-0.332491984232284,1.07330251211957,"Leplaea_cedrata"
"Luki","Leplaea_cedrata","Leplaea","Meliaceae","flowers",1949,40,334,294,24.61666695,752.4000154,12,7.524000154,0.755140400941492,-1.10311210890594,"Leplaea_cedrata"
"Luki","Leplaea_cedrata","Leplaea","Meliaceae","flowers",1950,40,334,294,24.61666727,524.5000123,13,5.245000123,0.755145041518115,-1.7203407141193,"Leplaea_cedrata"
"Luki","Leplaea_cedrata","Leplaea","Meliaceae","flowers",1951,40,334,294,24.55833356,1307.700026,14,13.07700026,-0.0907988634509326,0.400824031310839,"Leplaea_cedrata"
"Luki","Leplaea_cedrata","Leplaea","Meliaceae","flowers",1952,41,335,294,24.52500073,1358.000019,15,13.58000019,-0.574184959995657,0.537053053247312,"Leplaea_cedrata"
"Luki","Leplaea_cedrata","Leplaea","Meliaceae","flowers",1953,40,334,294,24.59166702,907.3000212,16,9.073000212,0.392596369228904,-0.683591647181658,"Leplaea_cedrata"
"Luki","Leplaea_cedrata","Leplaea","Meliaceae","flowers",1954,40,334,294,24.61666711,876.0000013,17,8.760000013,0.75514272122983,-0.768362456147161,"Leplaea_cedrata"
"Luki","Leplaea_cedrata","Leplaea","Meliaceae","flowers",1955,40,334,294,24.55000035,1561.600034,18,15.61600034,-0.211645423841608,1.08846925145038,"Leplaea_cedrata"
"Luki","Leplaea_cedrata","Leplaea","Meliaceae","flowers",1956,41,335,294,24.50833384,1564.800014,19,15.64800014,-0.815884896623886,1.09713585594904,"Leplaea_cedrata"
"Luki","Leplaea_cedrata","Leplaea","Meliaceae","flowers",1957,40,334,294,24.67500035,828.7000065,20,8.287000065,1.601079810352,-0.896466490459934,"Leplaea_cedrata"
"Luki","Lindackeria_dentata","Lindackeria","Achariaceae","flowers",1947,41,333,292,24.40000025,1532.000037,10,15.32000037,-2.38691715505412,1.00830266692158,"Lindackeria_dentata"
"Luki","Lindackeria_dentata","Lindackeria","Achariaceae","flowers",1948,41.9,334,292.1,24.54166714,1556.000002,11,15.56000002,-0.332491984232284,1.07330251211957,"Lindackeria_dentata"
"Luki","Lindackeria_dentata","Lindackeria","Achariaceae","flowers",1949,41,333,292,24.61666695,752.4000154,12,7.524000154,0.755140400941492,-1.10311210890594,"Lindackeria_dentata"
"Luki","Lindackeria_dentata","Lindackeria","Achariaceae","flowers",1950,41,333,292,24.61666727,524.5000123,13,5.245000123,0.755145041518115,-1.7203407141193,"Lindackeria_dentata"
"Luki","Lindackeria_dentata","Lindackeria","Achariaceae","flowers",1951,41,333,292,24.55833356,1307.700026,14,13.07700026,-0.0907988634509326,0.400824031310839,"Lindackeria_dentata"
"Luki","Lindackeria_dentata","Lindackeria","Achariaceae","flowers",1952,41.9,334,292.1,24.52500073,1358.000019,15,13.58000019,-0.574184959995657,0.537053053247312,"Lindackeria_dentata"
"Luki","Lindackeria_dentata","Lindackeria","Achariaceae","flowers",1953,41,333,292,24.59166702,907.3000212,16,9.073000212,0.392596369228904,-0.683591647181658,"Lindackeria_dentata"
"Luki","Lindackeria_dentata","Lindackeria","Achariaceae","flowers",1954,41,333,292,24.61666711,876.0000013,17,8.760000013,0.75514272122983,-0.768362456147161,"Lindackeria_dentata"
"Luki","Lindackeria_dentata","Lindackeria","Achariaceae","flowers",1955,41,333,292,24.55000035,1561.600034,18,15.61600034,-0.211645423841608,1.08846925145038,"Lindackeria_dentata"
"Luki","Lindackeria_dentata","Lindackeria","Achariaceae","flowers",1956,41.9,334,292.1,24.50833384,1564.800014,19,15.64800014,-0.815884896623886,1.09713585594904,"Lindackeria_dentata"
"Luki","Lindackeria_dentata","Lindackeria","Achariaceae","flowers",1957,41,333,292,24.67500035,828.7000065,20,8.287000065,1.601079810352,-0.896466490459934,"Lindackeria_dentata"
"Luki","Lovoa_trichilioides","Lovoa","Meliaceae","flowers",1947,40,334,294,24.40000025,1532.000037,10,15.32000037,-2.38691715505412,1.00830266692158,"Lovoa_trichilioides"
"Luki","Lovoa_trichilioides","Lovoa","Meliaceae","flowers",1948,41,335,294,24.54166714,1556.000002,11,15.56000002,-0.332491984232284,1.07330251211957,"Lovoa_trichilioides"
"Luki","Lovoa_trichilioides","Lovoa","Meliaceae","flowers",1949,40,334,294,24.61666695,752.4000154,12,7.524000154,0.755140400941492,-1.10311210890594,"Lovoa_trichilioides"
"Luki","Lovoa_trichilioides","Lovoa","Meliaceae","flowers",1950,40,334,294,24.61666727,524.5000123,13,5.245000123,0.755145041518115,-1.7203407141193,"Lovoa_trichilioides"
"Luki","Lovoa_trichilioides","Lovoa","Meliaceae","flowers",1951,40,334,294,24.55833356,1307.700026,14,13.07700026,-0.0907988634509326,0.400824031310839,"Lovoa_trichilioides"
"Luki","Lovoa_trichilioides","Lovoa","Meliaceae","flowers",1952,41,335,294,24.52500073,1358.000019,15,13.58000019,-0.574184959995657,0.537053053247312,"Lovoa_trichilioides"
"Luki","Lovoa_trichilioides","Lovoa","Meliaceae","flowers",1953,40,334,294,24.59166702,907.3000212,16,9.073000212,0.392596369228904,-0.683591647181658,"Lovoa_trichilioides"
"Luki","Lovoa_trichilioides","Lovoa","Meliaceae","flowers",1954,40,334,294,24.61666711,876.0000013,17,8.760000013,0.75514272122983,-0.768362456147161,"Lovoa_trichilioides"
"Luki","Lovoa_trichilioides","Lovoa","Meliaceae","flowers",1955,40,334,294,24.55000035,1561.600034,18,15.61600034,-0.211645423841608,1.08846925145038,"Lovoa_trichilioides"
"Luki","Lovoa_trichilioides","Lovoa","Meliaceae","flowers",1956,41,335,294,24.50833384,1564.800014,19,15.64800014,-0.815884896623886,1.09713585594904,"Lovoa_trichilioides"
"Luki","Lovoa_trichilioides","Lovoa","Meliaceae","flowers",1957,40,334,294,24.67500035,828.7000065,20,8.287000065,1.601079810352,-0.896466490459934,"Lovoa_trichilioides"
"Luki","Macaranga_monandra","Macaranga","Euphorbiaceae","flowers",1947,40,334,294,24.40000025,1532.000037,10,15.32000037,-2.38691715505412,1.00830266692158,"Macaranga_monandra"
"Luki","Macaranga_monandra","Macaranga","Euphorbiaceae","flowers",1948,41,335,294,24.54166714,1556.000002,11,15.56000002,-0.332491984232284,1.07330251211957,"Macaranga_monandra"
"Luki","Macaranga_monandra","Macaranga","Euphorbiaceae","flowers",1949,40,334,294,24.61666695,752.4000154,12,7.524000154,0.755140400941492,-1.10311210890594,"Macaranga_monandra"
"Luki","Macaranga_monandra","Macaranga","Euphorbiaceae","flowers",1950,40,334,294,24.61666727,524.5000123,13,5.245000123,0.755145041518115,-1.7203407141193,"Macaranga_monandra"
"Luki","Macaranga_monandra","Macaranga","Euphorbiaceae","flowers",1951,40,334,294,24.55833356,1307.700026,14,13.07700026,-0.0907988634509326,0.400824031310839,"Macaranga_monandra"
"Luki","Macaranga_monandra","Macaranga","Euphorbiaceae","flowers",1952,41,335,294,24.52500073,1358.000019,15,13.58000019,-0.574184959995657,0.537053053247312,"Macaranga_monandra"
"Luki","Macaranga_monandra","Macaranga","Euphorbiaceae","flowers",1953,40,334,294,24.59166702,907.3000212,16,9.073000212,0.392596369228904,-0.683591647181658,"Macaranga_monandra"
"Luki","Macaranga_monandra","Macaranga","Euphorbiaceae","flowers",1954,40,334,294,24.61666711,876.0000013,17,8.760000013,0.75514272122983,-0.768362456147161,"Macaranga_monandra"
"Luki","Macaranga_monandra","Macaranga","Euphorbiaceae","flowers",1955,40,334,294,24.55000035,1561.600034,18,15.61600034,-0.211645423841608,1.08846925145038,"Macaranga_monandra"
"Luki","Macaranga_monandra","Macaranga","Euphorbiaceae","flowers",1956,41,335,294,24.50833384,1564.800014,19,15.64800014,-0.815884896623886,1.09713585594904,"Macaranga_monandra"
"Luki","Macaranga_monandra","Macaranga","Euphorbiaceae","flowers",1957,40,334,294,24.67500035,828.7000065,20,8.287000065,1.601079810352,-0.896466490459934,"Macaranga_monandra"
"Luki","Macaranga_spinosa","Macaranga","Euphorbiaceae","flowers",1951,45,329,284,24.55833356,1307.700026,14,13.07700026,-0.0907988634509326,0.400824031310839,"Macaranga_spinosa"
"Luki","Macaranga_spinosa","Macaranga","Euphorbiaceae","flowers",1952,45.5,330,284.5,24.52500073,1358.000019,15,13.58000019,-0.574184959995657,0.537053053247312,"Macaranga_spinosa"
"Luki","Macaranga_spinosa","Macaranga","Euphorbiaceae","flowers",1953,45,329,284,24.59166702,907.3000212,16,9.073000212,0.392596369228904,-0.683591647181658,"Macaranga_spinosa"
"Luki","Macaranga_spinosa","Macaranga","Euphorbiaceae","flowers",1954,45,329,284,24.61666711,876.0000013,17,8.760000013,0.75514272122983,-0.768362456147161,"Macaranga_spinosa"
"Luki","Macaranga_spinosa","Macaranga","Euphorbiaceae","flowers",1955,45,329,284,24.55000035,1561.600034,18,15.61600034,-0.211645423841608,1.08846925145038,"Macaranga_spinosa"
"Luki","Macaranga_spinosa","Macaranga","Euphorbiaceae","flowers",1956,45.5,330,284.5,24.50833384,1564.800014,19,15.64800014,-0.815884896623886,1.09713585594904,"Macaranga_spinosa"
"Luki","Macaranga_spinosa","Macaranga","Euphorbiaceae","flowers",1957,45,329,284,24.67500035,828.7000065,20,8.287000065,1.601079810352,-0.896466490459934,"Macaranga_spinosa"
"Luki","Maesopsis_eminii","Maesopsis","Rhamnaceae","flowers",1947,41,333,292,24.40000025,1532.000037,10,15.32000037,-2.38691715505412,1.00830266692158,"Maesopsis_eminii"
"Luki","Maesopsis_eminii","Maesopsis","Rhamnaceae","flowers",1948,41.9,334,292.1,24.54166714,1556.000002,11,15.56000002,-0.332491984232284,1.07330251211957,"Maesopsis_eminii"
"Luki","Maesopsis_eminii","Maesopsis","Rhamnaceae","flowers",1949,41,333,292,24.61666695,752.4000154,12,7.524000154,0.755140400941492,-1.10311210890594,"Maesopsis_eminii"
"Luki","Maesopsis_eminii","Maesopsis","Rhamnaceae","flowers",1950,41,333,292,24.61666727,524.5000123,13,5.245000123,0.755145041518115,-1.7203407141193,"Maesopsis_eminii"
"Luki","Maesopsis_eminii","Maesopsis","Rhamnaceae","flowers",1951,41,333,292,24.55833356,1307.700026,14,13.07700026,-0.0907988634509326,0.400824031310839,"Maesopsis_eminii"
"Luki","Maesopsis_eminii","Maesopsis","Rhamnaceae","flowers",1952,41.9,334,292.1,24.52500073,1358.000019,15,13.58000019,-0.574184959995657,0.537053053247312,"Maesopsis_eminii"
"Luki","Maesopsis_eminii","Maesopsis","Rhamnaceae","flowers",1953,41,333,292,24.59166702,907.3000212,16,9.073000212,0.392596369228904,-0.683591647181658,"Maesopsis_eminii"
"Luki","Maesopsis_eminii","Maesopsis","Rhamnaceae","flowers",1954,41,333,292,24.61666711,876.0000013,17,8.760000013,0.75514272122983,-0.768362456147161,"Maesopsis_eminii"
"Luki","Maesopsis_eminii","Maesopsis","Rhamnaceae","flowers",1955,41,333,292,24.55000035,1561.600034,18,15.61600034,-0.211645423841608,1.08846925145038,"Maesopsis_eminii"
"Luki","Maesopsis_eminii","Maesopsis","Rhamnaceae","flowers",1956,41.9,334,292.1,24.50833384,1564.800014,19,15.64800014,-0.815884896623886,1.09713585594904,"Maesopsis_eminii"
"Luki","Maesopsis_eminii","Maesopsis","Rhamnaceae","flowers",1957,41,333,292,24.67500035,828.7000065,20,8.287000065,1.601079810352,-0.896466490459934,"Maesopsis_eminii"
"Luki","Mallotus_oppositifolius","Mallotus","Euphorbiaceae","flowers",1947,41,333,292,24.40000025,1532.000037,10,15.32000037,-2.38691715505412,1.00830266692158,"Mallotus_oppositifolius"
"Luki","Mallotus_oppositifolius","Mallotus","Euphorbiaceae","flowers",1948,41,335,294,24.54166714,1556.000002,11,15.56000002,-0.332491984232284,1.07330251211957,"Mallotus_oppositifolius"
"Luki","Mallotus_oppositifolius","Mallotus","Euphorbiaceae","flowers",1949,40,334,294,24.61666695,752.4000154,12,7.524000154,0.755140400941492,-1.10311210890594,"Mallotus_oppositifolius"
"Luki","Mallotus_oppositifolius","Mallotus","Euphorbiaceae","flowers",1950,40,334,294,24.61666727,524.5000123,13,5.245000123,0.755145041518115,-1.7203407141193,"Mallotus_oppositifolius"
"Luki","Mallotus_oppositifolius","Mallotus","Euphorbiaceae","flowers",1951,40,334,294,24.55833356,1307.700026,14,13.07700026,-0.0907988634509326,0.400824031310839,"Mallotus_oppositifolius"
"Luki","Mallotus_oppositifolius","Mallotus","Euphorbiaceae","flowers",1952,41,335,294,24.52500073,1358.000019,15,13.58000019,-0.574184959995657,0.537053053247312,"Mallotus_oppositifolius"
"Luki","Mallotus_oppositifolius","Mallotus","Euphorbiaceae","flowers",1953,40,334,294,24.59166702,907.3000212,16,9.073000212,0.392596369228904,-0.683591647181658,"Mallotus_oppositifolius"
"Luki","Mallotus_oppositifolius","Mallotus","Euphorbiaceae","flowers",1954,40,334,294,24.61666711,876.0000013,17,8.760000013,0.75514272122983,-0.768362456147161,"Mallotus_oppositifolius"
"Luki","Mallotus_oppositifolius","Mallotus","Euphorbiaceae","flowers",1955,40,334,294,24.55000035,1561.600034,18,15.61600034,-0.211645423841608,1.08846925145038,"Mallotus_oppositifolius"
"Luki","Mallotus_oppositifolius","Mallotus","Euphorbiaceae","flowers",1956,41,335,294,24.50833384,1564.800014,19,15.64800014,-0.815884896623886,1.09713585594904,"Mallotus_oppositifolius"
"Luki","Mallotus_oppositifolius","Mallotus","Euphorbiaceae","flowers",1957,40,334,294,24.67500035,828.7000065,20,8.287000065,1.601079810352,-0.896466490459934,"Mallotus_oppositifolius"
"Luki","Mammea_africana","Mammea","Calophyllaceae","flowers",1947,45,329,284,24.40000025,1532.000037,10,15.32000037,-2.38691715505412,1.00830266692158,"Mammea_africana"
"Luki","Mammea_africana","Mammea","Calophyllaceae","flowers",1948,45.5,330,284.5,24.54166714,1556.000002,11,15.56000002,-0.332491984232284,1.07330251211957,"Mammea_africana"
"Luki","Mammea_africana","Mammea","Calophyllaceae","flowers",1949,45,329,284,24.61666695,752.4000154,12,7.524000154,0.755140400941492,-1.10311210890594,"Mammea_africana"
"Luki","Mammea_africana","Mammea","Calophyllaceae","flowers",1950,45,329,284,24.61666727,524.5000123,13,5.245000123,0.755145041518115,-1.7203407141193,"Mammea_africana"
"Luki","Mammea_africana","Mammea","Calophyllaceae","flowers",1951,45,329,284,24.55833356,1307.700026,14,13.07700026,-0.0907988634509326,0.400824031310839,"Mammea_africana"
"Luki","Mammea_africana","Mammea","Calophyllaceae","flowers",1952,45.5,330,284.5,24.52500073,1358.000019,15,13.58000019,-0.574184959995657,0.537053053247312,"Mammea_africana"
"Luki","Mammea_africana","Mammea","Calophyllaceae","flowers",1953,45,329,284,24.59166702,907.3000212,16,9.073000212,0.392596369228904,-0.683591647181658,"Mammea_africana"
"Luki","Mammea_africana","Mammea","Calophyllaceae","flowers",1954,45,329,284,24.61666711,876.0000013,17,8.760000013,0.75514272122983,-0.768362456147161,"Mammea_africana"
"Luki","Mammea_africana","Mammea","Calophyllaceae","flowers",1955,45,329,284,24.55000035,1561.600034,18,15.61600034,-0.211645423841608,1.08846925145038,"Mammea_africana"
"Luki","Mammea_africana","Mammea","Calophyllaceae","flowers",1956,45.5,330,284.5,24.50833384,1564.800014,19,15.64800014,-0.815884896623886,1.09713585594904,"Mammea_africana"
"Luki","Mammea_africana","Mammea","Calophyllaceae","flowers",1957,45,329,284,24.67500035,828.7000065,20,8.287000065,1.601079810352,-0.896466490459934,"Mammea_africana"
"Luki","Mangifera_indica","Mangifera","Anacardiaceae","flowers",1951,45,329,284,24.55833356,1307.700026,14,13.07700026,-0.0907988634509326,0.400824031310839,"Mangifera_indica"
"Luki","Mangifera_indica","Mangifera","Anacardiaceae","flowers",1952,45.5,330,284.5,24.52500073,1358.000019,15,13.58000019,-0.574184959995657,0.537053053247312,"Mangifera_indica"
"Luki","Mangifera_indica","Mangifera","Anacardiaceae","flowers",1953,45,329,284,24.59166702,907.3000212,16,9.073000212,0.392596369228904,-0.683591647181658,"Mangifera_indica"
"Luki","Mangifera_indica","Mangifera","Anacardiaceae","flowers",1954,45,329,284,24.61666711,876.0000013,17,8.760000013,0.75514272122983,-0.768362456147161,"Mangifera_indica"
"Luki","Mangifera_indica","Mangifera","Anacardiaceae","flowers",1955,45,329,284,24.55000035,1561.600034,18,15.61600034,-0.211645423841608,1.08846925145038,"Mangifera_indica"
"Luki","Mangifera_indica","Mangifera","Anacardiaceae","flowers",1956,45.5,330,284.5,24.50833384,1564.800014,19,15.64800014,-0.815884896623886,1.09713585594904,"Mangifera_indica"
"Luki","Mangifera_indica","Mangifera","Anacardiaceae","flowers",1957,45,329,284,24.67500035,828.7000065,20,8.287000065,1.601079810352,-0.896466490459934,"Mangifera_indica"
"Luki","Maranthes_glabra","Maranthes","Chrysobalanaceae","flowers",1947,40,334,294,24.40000025,1532.000037,10,15.32000037,-2.38691715505412,1.00830266692158,"Maranthes_glabra"
"Luki","Maranthes_glabra","Maranthes","Chrysobalanaceae","flowers",1948,41,335,294,24.54166714,1556.000002,11,15.56000002,-0.332491984232284,1.07330251211957,"Maranthes_glabra"
"Luki","Maranthes_glabra","Maranthes","Chrysobalanaceae","flowers",1949,40,334,294,24.61666695,752.4000154,12,7.524000154,0.755140400941492,-1.10311210890594,"Maranthes_glabra"
"Luki","Maranthes_glabra","Maranthes","Chrysobalanaceae","flowers",1950,40,334,294,24.61666727,524.5000123,13,5.245000123,0.755145041518115,-1.7203407141193,"Maranthes_glabra"
"Luki","Maranthes_glabra","Maranthes","Chrysobalanaceae","flowers",1951,40,334,294,24.55833356,1307.700026,14,13.07700026,-0.0907988634509326,0.400824031310839,"Maranthes_glabra"
"Luki","Maranthes_glabra","Maranthes","Chrysobalanaceae","flowers",1952,41,335,294,24.52500073,1358.000019,15,13.58000019,-0.574184959995657,0.537053053247312,"Maranthes_glabra"
"Luki","Maranthes_glabra","Maranthes","Chrysobalanaceae","flowers",1953,40,334,294,24.59166702,907.3000212,16,9.073000212,0.392596369228904,-0.683591647181658,"Maranthes_glabra"
"Luki","Maranthes_glabra","Maranthes","Chrysobalanaceae","flowers",1954,40,334,294,24.61666711,876.0000013,17,8.760000013,0.75514272122983,-0.768362456147161,"Maranthes_glabra"
"Luki","Maranthes_glabra","Maranthes","Chrysobalanaceae","flowers",1955,40,334,294,24.55000035,1561.600034,18,15.61600034,-0.211645423841608,1.08846925145038,"Maranthes_glabra"
"Luki","Maranthes_glabra","Maranthes","Chrysobalanaceae","flowers",1956,41,335,294,24.50833384,1564.800014,19,15.64800014,-0.815884896623886,1.09713585594904,"Maranthes_glabra"
"Luki","Maranthes_glabra","Maranthes","Chrysobalanaceae","flowers",1957,40,334,294,24.67500035,828.7000065,20,8.287000065,1.601079810352,-0.896466490459934,"Maranthes_glabra"
"Luki","Margaritaria_discoidea","Margaritaria","Phyllanthaceae","flowers",1947,45,329,284,24.40000025,1532.000037,10,15.32000037,-2.38691715505412,1.00830266692158,"Margaritaria_discoidea"
"Luki","Margaritaria_discoidea","Margaritaria","Phyllanthaceae","flowers",1948,45.5,330,284.5,24.54166714,1556.000002,11,15.56000002,-0.332491984232284,1.07330251211957,"Margaritaria_discoidea"
"Luki","Margaritaria_discoidea","Margaritaria","Phyllanthaceae","flowers",1949,45,329,284,24.61666695,752.4000154,12,7.524000154,0.755140400941492,-1.10311210890594,"Margaritaria_discoidea"
"Luki","Margaritaria_discoidea","Margaritaria","Phyllanthaceae","flowers",1950,45,329,284,24.61666727,524.5000123,13,5.245000123,0.755145041518115,-1.7203407141193,"Margaritaria_discoidea"
"Luki","Margaritaria_discoidea","Margaritaria","Phyllanthaceae","flowers",1951,45,329,284,24.55833356,1307.700026,14,13.07700026,-0.0907988634509326,0.400824031310839,"Margaritaria_discoidea"
"Luki","Margaritaria_discoidea","Margaritaria","Phyllanthaceae","flowers",1952,45.5,330,284.5,24.52500073,1358.000019,15,13.58000019,-0.574184959995657,0.537053053247312,"Margaritaria_discoidea"
"Luki","Margaritaria_discoidea","Margaritaria","Phyllanthaceae","flowers",1953,45,329,284,24.59166702,907.3000212,16,9.073000212,0.392596369228904,-0.683591647181658,"Margaritaria_discoidea"
"Luki","Margaritaria_discoidea","Margaritaria","Phyllanthaceae","flowers",1954,45,329,284,24.61666711,876.0000013,17,8.760000013,0.75514272122983,-0.768362456147161,"Margaritaria_discoidea"
"Luki","Margaritaria_discoidea","Margaritaria","Phyllanthaceae","flowers",1955,45,329,284,24.55000035,1561.600034,18,15.61600034,-0.211645423841608,1.08846925145038,"Margaritaria_discoidea"
"Luki","Margaritaria_discoidea","Margaritaria","Phyllanthaceae","flowers",1956,45.5,330,284.5,24.50833384,1564.800014,19,15.64800014,-0.815884896623886,1.09713585594904,"Margaritaria_discoidea"
"Luki","Margaritaria_discoidea","Margaritaria","Phyllanthaceae","flowers",1957,45,329,284,24.67500035,828.7000065,20,8.287000065,1.601079810352,-0.896466490459934,"Margaritaria_discoidea"
"Luki","Markhamia_tomentosa","Markhamia","Bignoniaceae","flowers",1947,40,334,294,24.40000025,1532.000037,10,15.32000037,-2.38691715505412,1.00830266692158,"Markhamia_tomentosa"
"Luki","Markhamia_tomentosa","Markhamia","Bignoniaceae","flowers",1948,41,335,294,24.54166714,1556.000002,11,15.56000002,-0.332491984232284,1.07330251211957,"Markhamia_tomentosa"
"Luki","Markhamia_tomentosa","Markhamia","Bignoniaceae","flowers",1949,40,334,294,24.61666695,752.4000154,12,7.524000154,0.755140400941492,-1.10311210890594,"Markhamia_tomentosa"
"Luki","Markhamia_tomentosa","Markhamia","Bignoniaceae","flowers",1950,40,334,294,24.61666727,524.5000123,13,5.245000123,0.755145041518115,-1.7203407141193,"Markhamia_tomentosa"
"Luki","Markhamia_tomentosa","Markhamia","Bignoniaceae","flowers",1951,40,334,294,24.55833356,1307.700026,14,13.07700026,-0.0907988634509326,0.400824031310839,"Markhamia_tomentosa"
"Luki","Markhamia_tomentosa","Markhamia","Bignoniaceae","flowers",1952,41,335,294,24.52500073,1358.000019,15,13.58000019,-0.574184959995657,0.537053053247312,"Markhamia_tomentosa"
"Luki","Markhamia_tomentosa","Markhamia","Bignoniaceae","flowers",1953,40,334,294,24.59166702,907.3000212,16,9.073000212,0.392596369228904,-0.683591647181658,"Markhamia_tomentosa"
"Luki","Markhamia_tomentosa","Markhamia","Bignoniaceae","flowers",1954,40,334,294,24.61666711,876.0000013,17,8.760000013,0.75514272122983,-0.768362456147161,"Markhamia_tomentosa"
"Luki","Markhamia_tomentosa","Markhamia","Bignoniaceae","flowers",1955,40,334,294,24.55000035,1561.600034,18,15.61600034,-0.211645423841608,1.08846925145038,"Markhamia_tomentosa"
"Luki","Markhamia_tomentosa","Markhamia","Bignoniaceae","flowers",1956,41,335,294,24.50833384,1564.800014,19,15.64800014,-0.815884896623886,1.09713585594904,"Markhamia_tomentosa"
"Luki","Markhamia_tomentosa","Markhamia","Bignoniaceae","flowers",1957,40,334,294,24.67500035,828.7000065,20,8.287000065,1.601079810352,-0.896466490459934,"Markhamia_tomentosa"
"Luki","Melia_bambolo","Melia","Meliaceae","flowers",1955,45,329,284,24.55000035,1561.600034,18,15.61600034,-0.211645423841608,1.08846925145038,"Melia_bambolo"
"Luki","Melia_bambolo","Melia","Meliaceae","flowers",1956,45.5,330,284.5,24.50833384,1564.800014,19,15.64800014,-0.815884896623886,1.09713585594904,"Melia_bambolo"
"Luki","Melia_bambolo","Melia","Meliaceae","flowers",1957,45,329,284,24.67500035,828.7000065,20,8.287000065,1.601079810352,-0.896466490459934,"Melia_bambolo"
"Luki","Microdesmis_puberula","Microdesmis","Pandaceae","flowers",1947,40,334,294,24.40000025,1532.000037,10,15.32000037,-2.38691715505412,1.00830266692158,"Microdesmis_puberula"
"Luki","Microdesmis_puberula","Microdesmis","Pandaceae","flowers",1948,41,335,294,24.54166714,1556.000002,11,15.56000002,-0.332491984232284,1.07330251211957,"Microdesmis_puberula"
"Luki","Microdesmis_puberula","Microdesmis","Pandaceae","flowers",1949,40,334,294,24.61666695,752.4000154,12,7.524000154,0.755140400941492,-1.10311210890594,"Microdesmis_puberula"
"Luki","Microdesmis_puberula","Microdesmis","Pandaceae","flowers",1950,40,334,294,24.61666727,524.5000123,13,5.245000123,0.755145041518115,-1.7203407141193,"Microdesmis_puberula"
"Luki","Microdesmis_puberula","Microdesmis","Pandaceae","flowers",1951,40,334,294,24.55833356,1307.700026,14,13.07700026,-0.0907988634509326,0.400824031310839,"Microdesmis_puberula"
"Luki","Microdesmis_puberula","Microdesmis","Pandaceae","flowers",1952,41,335,294,24.52500073,1358.000019,15,13.58000019,-0.574184959995657,0.537053053247312,"Microdesmis_puberula"
"Luki","Microdesmis_puberula","Microdesmis","Pandaceae","flowers",1953,40,334,294,24.59166702,907.3000212,16,9.073000212,0.392596369228904,-0.683591647181658,"Microdesmis_puberula"
"Luki","Microdesmis_puberula","Microdesmis","Pandaceae","flowers",1954,40,334,294,24.61666711,876.0000013,17,8.760000013,0.75514272122983,-0.768362456147161,"Microdesmis_puberula"
"Luki","Microdesmis_puberula","Microdesmis","Pandaceae","flowers",1955,40,334,294,24.55000035,1561.600034,18,15.61600034,-0.211645423841608,1.08846925145038,"Microdesmis_puberula"
"Luki","Microdesmis_puberula","Microdesmis","Pandaceae","flowers",1956,41,335,294,24.50833384,1564.800014,19,15.64800014,-0.815884896623886,1.09713585594904,"Microdesmis_puberula"
"Luki","Microdesmis_puberula","Microdesmis","Pandaceae","flowers",1957,40,334,294,24.67500035,828.7000065,20,8.287000065,1.601079810352,-0.896466490459934,"Microdesmis_puberula"
"Luki","Milicia_excelsa","Milicia","Moraceae","flowers",1947,40,334,294,24.40000025,1532.000037,10,15.32000037,-2.38691715505412,1.00830266692158,"Milicia_excelsa"
"Luki","Milicia_excelsa","Milicia","Moraceae","flowers",1948,41,335,294,24.54166714,1556.000002,11,15.56000002,-0.332491984232284,1.07330251211957,"Milicia_excelsa"
"Luki","Milicia_excelsa","Milicia","Moraceae","flowers",1949,40,334,294,24.61666695,752.4000154,12,7.524000154,0.755140400941492,-1.10311210890594,"Milicia_excelsa"
"Luki","Milicia_excelsa","Milicia","Moraceae","flowers",1950,40,334,294,24.61666727,524.5000123,13,5.245000123,0.755145041518115,-1.7203407141193,"Milicia_excelsa"
"Luki","Milicia_excelsa","Milicia","Moraceae","flowers",1951,40,334,294,24.55833356,1307.700026,14,13.07700026,-0.0907988634509326,0.400824031310839,"Milicia_excelsa"
"Luki","Milicia_excelsa","Milicia","Moraceae","flowers",1952,41,335,294,24.52500073,1358.000019,15,13.58000019,-0.574184959995657,0.537053053247312,"Milicia_excelsa"
"Luki","Milicia_excelsa","Milicia","Moraceae","flowers",1953,40,334,294,24.59166702,907.3000212,16,9.073000212,0.392596369228904,-0.683591647181658,"Milicia_excelsa"
"Luki","Milicia_excelsa","Milicia","Moraceae","flowers",1954,40,334,294,24.61666711,876.0000013,17,8.760000013,0.75514272122983,-0.768362456147161,"Milicia_excelsa"
"Luki","Milicia_excelsa","Milicia","Moraceae","flowers",1955,40,334,294,24.55000035,1561.600034,18,15.61600034,-0.211645423841608,1.08846925145038,"Milicia_excelsa"
"Luki","Milicia_excelsa","Milicia","Moraceae","flowers",1956,41,335,294,24.50833384,1564.800014,19,15.64800014,-0.815884896623886,1.09713585594904,"Milicia_excelsa"
"Luki","Milicia_excelsa","Milicia","Moraceae","flowers",1957,40,334,294,24.67500035,828.7000065,20,8.287000065,1.601079810352,-0.896466490459934,"Milicia_excelsa"
"Luki","Millettia_drastica","Millettia","Fabaceae","flowers",1948,41.9,334,292.1,24.54166714,1556.000002,11,15.56000002,-0.332491984232284,1.07330251211957,"Millettia_drastica"
"Luki","Millettia_drastica","Millettia","Fabaceae","flowers",1949,41,333,292,24.61666695,752.4000154,12,7.524000154,0.755140400941492,-1.10311210890594,"Millettia_drastica"
"Luki","Millettia_drastica","Millettia","Fabaceae","flowers",1950,41,333,292,24.61666727,524.5000123,13,5.245000123,0.755145041518115,-1.7203407141193,"Millettia_drastica"
"Luki","Millettia_drastica","Millettia","Fabaceae","flowers",1951,41,333,292,24.55833356,1307.700026,14,13.07700026,-0.0907988634509326,0.400824031310839,"Millettia_drastica"
"Luki","Millettia_drastica","Millettia","Fabaceae","flowers",1952,41.9,334,292.1,24.52500073,1358.000019,15,13.58000019,-0.574184959995657,0.537053053247312,"Millettia_drastica"
"Luki","Millettia_drastica","Millettia","Fabaceae","flowers",1953,41,333,292,24.59166702,907.3000212,16,9.073000212,0.392596369228904,-0.683591647181658,"Millettia_drastica"
"Luki","Millettia_drastica","Millettia","Fabaceae","flowers",1954,41,333,292,24.61666711,876.0000013,17,8.760000013,0.75514272122983,-0.768362456147161,"Millettia_drastica"
"Luki","Millettia_drastica","Millettia","Fabaceae","flowers",1955,41,333,292,24.55000035,1561.600034,18,15.61600034,-0.211645423841608,1.08846925145038,"Millettia_drastica"
"Luki","Millettia_drastica","Millettia","Fabaceae","flowers",1956,41.9,334,292.1,24.50833384,1564.800014,19,15.64800014,-0.815884896623886,1.09713585594904,"Millettia_drastica"
"Luki","Millettia_drastica","Millettia","Fabaceae","flowers",1957,41,333,292,24.67500035,828.7000065,20,8.287000065,1.601079810352,-0.896466490459934,"Millettia_drastica"
"Luki","Millettia_versicolor","Millettia","Fabaceae","flowers",1947,40,334,294,24.40000025,1532.000037,10,15.32000037,-2.38691715505412,1.00830266692158,"Millettia_versicolor"
"Luki","Millettia_versicolor","Millettia","Fabaceae","flowers",1948,41,335,294,24.54166714,1556.000002,11,15.56000002,-0.332491984232284,1.07330251211957,"Millettia_versicolor"
"Luki","Millettia_versicolor","Millettia","Fabaceae","flowers",1949,40,334,294,24.61666695,752.4000154,12,7.524000154,0.755140400941492,-1.10311210890594,"Millettia_versicolor"
"Luki","Millettia_versicolor","Millettia","Fabaceae","flowers",1950,40,334,294,24.61666727,524.5000123,13,5.245000123,0.755145041518115,-1.7203407141193,"Millettia_versicolor"
"Luki","Millettia_versicolor","Millettia","Fabaceae","flowers",1951,40,334,294,24.55833356,1307.700026,14,13.07700026,-0.0907988634509326,0.400824031310839,"Millettia_versicolor"
"Luki","Millettia_versicolor","Millettia","Fabaceae","flowers",1952,41,335,294,24.52500073,1358.000019,15,13.58000019,-0.574184959995657,0.537053053247312,"Millettia_versicolor"
"Luki","Millettia_versicolor","Millettia","Fabaceae","flowers",1953,40,334,294,24.59166702,907.3000212,16,9.073000212,0.392596369228904,-0.683591647181658,"Millettia_versicolor"
"Luki","Millettia_versicolor","Millettia","Fabaceae","flowers",1954,40,334,294,24.61666711,876.0000013,17,8.760000013,0.75514272122983,-0.768362456147161,"Millettia_versicolor"
"Luki","Millettia_versicolor","Millettia","Fabaceae","flowers",1955,40,334,294,24.55000035,1561.600034,18,15.61600034,-0.211645423841608,1.08846925145038,"Millettia_versicolor"
"Luki","Millettia_versicolor","Millettia","Fabaceae","flowers",1956,41,335,294,24.50833384,1564.800014,19,15.64800014,-0.815884896623886,1.09713585594904,"Millettia_versicolor"
"Luki","Millettia_versicolor","Millettia","Fabaceae","flowers",1957,40,334,294,24.67500035,828.7000065,20,8.287000065,1.601079810352,-0.896466490459934,"Millettia_versicolor"
"Luki","Monodora_angolensis","Monodora","Annonaceae","flowers",1947,40,334,294,24.40000025,1532.000037,10,15.32000037,-2.38691715505412,1.00830266692158,"Monodora_angolensis"
"Luki","Monodora_angolensis","Monodora","Annonaceae","flowers",1948,41,335,294,24.54166714,1556.000002,11,15.56000002,-0.332491984232284,1.07330251211957,"Monodora_angolensis"
"Luki","Monodora_angolensis","Monodora","Annonaceae","flowers",1949,40,334,294,24.61666695,752.4000154,12,7.524000154,0.755140400941492,-1.10311210890594,"Monodora_angolensis"
"Luki","Monodora_angolensis","Monodora","Annonaceae","flowers",1950,40,334,294,24.61666727,524.5000123,13,5.245000123,0.755145041518115,-1.7203407141193,"Monodora_angolensis"
"Luki","Monodora_angolensis","Monodora","Annonaceae","flowers",1951,40,334,294,24.55833356,1307.700026,14,13.07700026,-0.0907988634509326,0.400824031310839,"Monodora_angolensis"
"Luki","Monodora_angolensis","Monodora","Annonaceae","flowers",1952,41,335,294,24.52500073,1358.000019,15,13.58000019,-0.574184959995657,0.537053053247312,"Monodora_angolensis"
"Luki","Monodora_angolensis","Monodora","Annonaceae","flowers",1953,40,334,294,24.59166702,907.3000212,16,9.073000212,0.392596369228904,-0.683591647181658,"Monodora_angolensis"
"Luki","Monodora_angolensis","Monodora","Annonaceae","flowers",1954,40,334,294,24.61666711,876.0000013,17,8.760000013,0.75514272122983,-0.768362456147161,"Monodora_angolensis"
"Luki","Monodora_angolensis","Monodora","Annonaceae","flowers",1955,40,334,294,24.55000035,1561.600034,18,15.61600034,-0.211645423841608,1.08846925145038,"Monodora_angolensis"
"Luki","Monodora_angolensis","Monodora","Annonaceae","flowers",1956,41,335,294,24.50833384,1564.800014,19,15.64800014,-0.815884896623886,1.09713585594904,"Monodora_angolensis"
"Luki","Monodora_angolensis","Monodora","Annonaceae","flowers",1957,40,334,294,24.67500035,828.7000065,20,8.287000065,1.601079810352,-0.896466490459934,"Monodora_angolensis"
"Luki","Monodora_myristica","Monodora","Annonaceae","flowers",1947,40,334,294,24.40000025,1532.000037,10,15.32000037,-2.38691715505412,1.00830266692158,"Monodora_myristica"
"Luki","Monodora_myristica","Monodora","Annonaceae","flowers",1948,41,335,294,24.54166714,1556.000002,11,15.56000002,-0.332491984232284,1.07330251211957,"Monodora_myristica"
"Luki","Monodora_myristica","Monodora","Annonaceae","flowers",1949,40,334,294,24.61666695,752.4000154,12,7.524000154,0.755140400941492,-1.10311210890594,"Monodora_myristica"
"Luki","Monodora_myristica","Monodora","Annonaceae","flowers",1950,40,334,294,24.61666727,524.5000123,13,5.245000123,0.755145041518115,-1.7203407141193,"Monodora_myristica"
"Luki","Monodora_myristica","Monodora","Annonaceae","flowers",1951,40,334,294,24.55833356,1307.700026,14,13.07700026,-0.0907988634509326,0.400824031310839,"Monodora_myristica"
"Luki","Monodora_myristica","Monodora","Annonaceae","flowers",1952,41,335,294,24.52500073,1358.000019,15,13.58000019,-0.574184959995657,0.537053053247312,"Monodora_myristica"
"Luki","Monodora_myristica","Monodora","Annonaceae","flowers",1953,40,334,294,24.59166702,907.3000212,16,9.073000212,0.392596369228904,-0.683591647181658,"Monodora_myristica"
"Luki","Monodora_myristica","Monodora","Annonaceae","flowers",1954,40,334,294,24.61666711,876.0000013,17,8.760000013,0.75514272122983,-0.768362456147161,"Monodora_myristica"
"Luki","Monodora_myristica","Monodora","Annonaceae","flowers",1955,40,334,294,24.55000035,1561.600034,18,15.61600034,-0.211645423841608,1.08846925145038,"Monodora_myristica"
"Luki","Monodora_myristica","Monodora","Annonaceae","flowers",1956,41,335,294,24.50833384,1564.800014,19,15.64800014,-0.815884896623886,1.09713585594904,"Monodora_myristica"
"Luki","Monodora_myristica","Monodora","Annonaceae","flowers",1957,40,334,294,24.67500035,828.7000065,20,8.287000065,1.601079810352,-0.896466490459934,"Monodora_myristica"
"Luki","Musanga_cecropioides","Musanga","Urticaceae","flowers",1947,40,334,294,24.40000025,1532.000037,10,15.32000037,-2.38691715505412,1.00830266692158,"Musanga_cecropioides"
"Luki","Musanga_cecropioides","Musanga","Urticaceae","flowers",1948,41,335,294,24.54166714,1556.000002,11,15.56000002,-0.332491984232284,1.07330251211957,"Musanga_cecropioides"
"Luki","Musanga_cecropioides","Musanga","Urticaceae","flowers",1949,40,334,294,24.61666695,752.4000154,12,7.524000154,0.755140400941492,-1.10311210890594,"Musanga_cecropioides"
"Luki","Musanga_cecropioides","Musanga","Urticaceae","flowers",1950,40,334,294,24.61666727,524.5000123,13,5.245000123,0.755145041518115,-1.7203407141193,"Musanga_cecropioides"
"Luki","Musanga_cecropioides","Musanga","Urticaceae","flowers",1951,40,334,294,24.55833356,1307.700026,14,13.07700026,-0.0907988634509326,0.400824031310839,"Musanga_cecropioides"
"Luki","Musanga_cecropioides","Musanga","Urticaceae","flowers",1952,41,335,294,24.52500073,1358.000019,15,13.58000019,-0.574184959995657,0.537053053247312,"Musanga_cecropioides"
"Luki","Musanga_cecropioides","Musanga","Urticaceae","flowers",1953,40,334,294,24.59166702,907.3000212,16,9.073000212,0.392596369228904,-0.683591647181658,"Musanga_cecropioides"
"Luki","Musanga_cecropioides","Musanga","Urticaceae","flowers",1954,40,334,294,24.61666711,876.0000013,17,8.760000013,0.75514272122983,-0.768362456147161,"Musanga_cecropioides"
"Luki","Musanga_cecropioides","Musanga","Urticaceae","flowers",1955,40,334,294,24.55000035,1561.600034,18,15.61600034,-0.211645423841608,1.08846925145038,"Musanga_cecropioides"
"Luki","Musanga_cecropioides","Musanga","Urticaceae","flowers",1956,41,335,294,24.50833384,1564.800014,19,15.64800014,-0.815884896623886,1.09713585594904,"Musanga_cecropioides"
"Luki","Musanga_cecropioides","Musanga","Urticaceae","flowers",1957,40,334,294,24.67500035,828.7000065,20,8.287000065,1.601079810352,-0.896466490459934,"Musanga_cecropioides"
"Luki","Myrianthus_arboreus","Myrianthus","Urticaceae","flowers",1947,40,334,294,24.40000025,1532.000037,10,15.32000037,-2.38691715505412,1.00830266692158,"Myrianthus_arboreus"
"Luki","Myrianthus_arboreus","Myrianthus","Urticaceae","flowers",1948,41,335,294,24.54166714,1556.000002,11,15.56000002,-0.332491984232284,1.07330251211957,"Myrianthus_arboreus"
"Luki","Myrianthus_arboreus","Myrianthus","Urticaceae","flowers",1949,40,334,294,24.61666695,752.4000154,12,7.524000154,0.755140400941492,-1.10311210890594,"Myrianthus_arboreus"
"Luki","Myrianthus_arboreus","Myrianthus","Urticaceae","flowers",1950,40,334,294,24.61666727,524.5000123,13,5.245000123,0.755145041518115,-1.7203407141193,"Myrianthus_arboreus"
"Luki","Myrianthus_arboreus","Myrianthus","Urticaceae","flowers",1951,40,334,294,24.55833356,1307.700026,14,13.07700026,-0.0907988634509326,0.400824031310839,"Myrianthus_arboreus"
"Luki","Myrianthus_arboreus","Myrianthus","Urticaceae","flowers",1952,41,335,294,24.52500073,1358.000019,15,13.58000019,-0.574184959995657,0.537053053247312,"Myrianthus_arboreus"
"Luki","Myrianthus_arboreus","Myrianthus","Urticaceae","flowers",1953,40,334,294,24.59166702,907.3000212,16,9.073000212,0.392596369228904,-0.683591647181658,"Myrianthus_arboreus"
"Luki","Myrianthus_arboreus","Myrianthus","Urticaceae","flowers",1954,40,334,294,24.61666711,876.0000013,17,8.760000013,0.75514272122983,-0.768362456147161,"Myrianthus_arboreus"
"Luki","Myrianthus_arboreus","Myrianthus","Urticaceae","flowers",1955,40,334,294,24.55000035,1561.600034,18,15.61600034,-0.211645423841608,1.08846925145038,"Myrianthus_arboreus"
"Luki","Myrianthus_arboreus","Myrianthus","Urticaceae","flowers",1956,41,335,294,24.50833384,1564.800014,19,15.64800014,-0.815884896623886,1.09713585594904,"Myrianthus_arboreus"
"Luki","Myrianthus_arboreus","Myrianthus","Urticaceae","flowers",1957,40,334,294,24.67500035,828.7000065,20,8.287000065,1.601079810352,-0.896466490459934,"Myrianthus_arboreus"
"Luki","Nauclea_latifolia","Nauclea","Rubiaceae","flowers",1947,45,329,284,24.40000025,1532.000037,10,15.32000037,-2.38691715505412,1.00830266692158,"Nauclea_latifolia"
"Luki","Nauclea_latifolia","Nauclea","Rubiaceae","flowers",1948,45.5,330,284.5,24.54166714,1556.000002,11,15.56000002,-0.332491984232284,1.07330251211957,"Nauclea_latifolia"
"Luki","Nauclea_latifolia","Nauclea","Rubiaceae","flowers",1949,45,329,284,24.61666695,752.4000154,12,7.524000154,0.755140400941492,-1.10311210890594,"Nauclea_latifolia"
"Luki","Nauclea_latifolia","Nauclea","Rubiaceae","flowers",1950,45,329,284,24.61666727,524.5000123,13,5.245000123,0.755145041518115,-1.7203407141193,"Nauclea_latifolia"
"Luki","Nauclea_latifolia","Nauclea","Rubiaceae","flowers",1951,45,329,284,24.55833356,1307.700026,14,13.07700026,-0.0907988634509326,0.400824031310839,"Nauclea_latifolia"
"Luki","Nauclea_latifolia","Nauclea","Rubiaceae","flowers",1952,45.5,330,284.5,24.52500073,1358.000019,15,13.58000019,-0.574184959995657,0.537053053247312,"Nauclea_latifolia"
"Luki","Nauclea_latifolia","Nauclea","Rubiaceae","flowers",1953,45,329,284,24.59166702,907.3000212,16,9.073000212,0.392596369228904,-0.683591647181658,"Nauclea_latifolia"
"Luki","Nauclea_latifolia","Nauclea","Rubiaceae","flowers",1954,45,329,284,24.61666711,876.0000013,17,8.760000013,0.75514272122983,-0.768362456147161,"Nauclea_latifolia"
"Luki","Nauclea_latifolia","Nauclea","Rubiaceae","flowers",1955,41,333,292,24.55000035,1561.600034,18,15.61600034,-0.211645423841608,1.08846925145038,"Nauclea_latifolia"
"Luki","Nauclea_latifolia","Nauclea","Rubiaceae","flowers",1956,41.9,334,292.1,24.50833384,1564.800014,19,15.64800014,-0.815884896623886,1.09713585594904,"Nauclea_latifolia"
"Luki","Nauclea_latifolia","Nauclea","Rubiaceae","flowers",1957,41,333,292,24.67500035,828.7000065,20,8.287000065,1.601079810352,-0.896466490459934,"Nauclea_latifolia"
"Luki","Nesogordonia_kabingaensis","Nesogordonia","Malvaceae","flowers",1947,40,334,294,24.40000025,1532.000037,10,15.32000037,-2.38691715505412,1.00830266692158,"Nesogordonia_kabingaensis"
"Luki","Nesogordonia_kabingaensis","Nesogordonia","Malvaceae","flowers",1948,41,335,294,24.54166714,1556.000002,11,15.56000002,-0.332491984232284,1.07330251211957,"Nesogordonia_kabingaensis"
"Luki","Nesogordonia_kabingaensis","Nesogordonia","Malvaceae","flowers",1949,40,334,294,24.61666695,752.4000154,12,7.524000154,0.755140400941492,-1.10311210890594,"Nesogordonia_kabingaensis"
"Luki","Nesogordonia_kabingaensis","Nesogordonia","Malvaceae","flowers",1950,40,334,294,24.61666727,524.5000123,13,5.245000123,0.755145041518115,-1.7203407141193,"Nesogordonia_kabingaensis"
"Luki","Nesogordonia_kabingaensis","Nesogordonia","Malvaceae","flowers",1951,40,334,294,24.55833356,1307.700026,14,13.07700026,-0.0907988634509326,0.400824031310839,"Nesogordonia_kabingaensis"
"Luki","Nesogordonia_kabingaensis","Nesogordonia","Malvaceae","flowers",1952,41,335,294,24.52500073,1358.000019,15,13.58000019,-0.574184959995657,0.537053053247312,"Nesogordonia_kabingaensis"
"Luki","Nesogordonia_kabingaensis","Nesogordonia","Malvaceae","flowers",1953,40,334,294,24.59166702,907.3000212,16,9.073000212,0.392596369228904,-0.683591647181658,"Nesogordonia_kabingaensis"
"Luki","Nesogordonia_kabingaensis","Nesogordonia","Malvaceae","flowers",1954,40,334,294,24.61666711,876.0000013,17,8.760000013,0.75514272122983,-0.768362456147161,"Nesogordonia_kabingaensis"
"Luki","Nesogordonia_kabingaensis","Nesogordonia","Malvaceae","flowers",1955,40,334,294,24.55000035,1561.600034,18,15.61600034,-0.211645423841608,1.08846925145038,"Nesogordonia_kabingaensis"
"Luki","Nesogordonia_kabingaensis","Nesogordonia","Malvaceae","flowers",1956,41,335,294,24.50833384,1564.800014,19,15.64800014,-0.815884896623886,1.09713585594904,"Nesogordonia_kabingaensis"
"Luki","Nesogordonia_kabingaensis","Nesogordonia","Malvaceae","flowers",1957,40,334,294,24.67500035,828.7000065,20,8.287000065,1.601079810352,-0.896466490459934,"Nesogordonia_kabingaensis"
"Luki","Newtonia_leucocarpa","Newtonia","Fabaceae","flowers",1947,40,334,294,24.40000025,1532.000037,10,15.32000037,-2.38691715505412,1.00830266692158,"Newtonia_leucocarpa"
"Luki","Newtonia_leucocarpa","Newtonia","Fabaceae","flowers",1948,41,335,294,24.54166714,1556.000002,11,15.56000002,-0.332491984232284,1.07330251211957,"Newtonia_leucocarpa"
"Luki","Newtonia_leucocarpa","Newtonia","Fabaceae","flowers",1949,40,334,294,24.61666695,752.4000154,12,7.524000154,0.755140400941492,-1.10311210890594,"Newtonia_leucocarpa"
"Luki","Newtonia_leucocarpa","Newtonia","Fabaceae","flowers",1950,40,334,294,24.61666727,524.5000123,13,5.245000123,0.755145041518115,-1.7203407141193,"Newtonia_leucocarpa"
"Luki","Newtonia_leucocarpa","Newtonia","Fabaceae","flowers",1951,40,334,294,24.55833356,1307.700026,14,13.07700026,-0.0907988634509326,0.400824031310839,"Newtonia_leucocarpa"
"Luki","Newtonia_leucocarpa","Newtonia","Fabaceae","flowers",1952,41,335,294,24.52500073,1358.000019,15,13.58000019,-0.574184959995657,0.537053053247312,"Newtonia_leucocarpa"
"Luki","Newtonia_leucocarpa","Newtonia","Fabaceae","flowers",1953,40,334,294,24.59166702,907.3000212,16,9.073000212,0.392596369228904,-0.683591647181658,"Newtonia_leucocarpa"
"Luki","Newtonia_leucocarpa","Newtonia","Fabaceae","flowers",1954,40,334,294,24.61666711,876.0000013,17,8.760000013,0.75514272122983,-0.768362456147161,"Newtonia_leucocarpa"
"Luki","Newtonia_leucocarpa","Newtonia","Fabaceae","flowers",1955,40,334,294,24.55000035,1561.600034,18,15.61600034,-0.211645423841608,1.08846925145038,"Newtonia_leucocarpa"
"Luki","Newtonia_leucocarpa","Newtonia","Fabaceae","flowers",1956,41,335,294,24.50833384,1564.800014,19,15.64800014,-0.815884896623886,1.09713585594904,"Newtonia_leucocarpa"
"Luki","Newtonia_leucocarpa","Newtonia","Fabaceae","flowers",1957,40,334,294,24.67500035,828.7000065,20,8.287000065,1.601079810352,-0.896466490459934,"Newtonia_leucocarpa"
"Luki","Odyendyea_klaineana","Odyendyea","Simaroubaceae","flowers",1947,40,334,294,24.40000025,1532.000037,10,15.32000037,-2.38691715505412,1.00830266692158,"Odyendyea_klaineana"
"Luki","Odyendyea_klaineana","Odyendyea","Simaroubaceae","flowers",1948,41,335,294,24.54166714,1556.000002,11,15.56000002,-0.332491984232284,1.07330251211957,"Odyendyea_klaineana"
"Luki","Odyendyea_klaineana","Odyendyea","Simaroubaceae","flowers",1949,40,334,294,24.61666695,752.4000154,12,7.524000154,0.755140400941492,-1.10311210890594,"Odyendyea_klaineana"
"Luki","Odyendyea_klaineana","Odyendyea","Simaroubaceae","flowers",1950,40,334,294,24.61666727,524.5000123,13,5.245000123,0.755145041518115,-1.7203407141193,"Odyendyea_klaineana"
"Luki","Odyendyea_klaineana","Odyendyea","Simaroubaceae","flowers",1951,40,334,294,24.55833356,1307.700026,14,13.07700026,-0.0907988634509326,0.400824031310839,"Odyendyea_klaineana"
"Luki","Odyendyea_klaineana","Odyendyea","Simaroubaceae","flowers",1952,41,335,294,24.52500073,1358.000019,15,13.58000019,-0.574184959995657,0.537053053247312,"Odyendyea_klaineana"
"Luki","Odyendyea_klaineana","Odyendyea","Simaroubaceae","flowers",1953,40,334,294,24.59166702,907.3000212,16,9.073000212,0.392596369228904,-0.683591647181658,"Odyendyea_klaineana"
"Luki","Odyendyea_klaineana","Odyendyea","Simaroubaceae","flowers",1954,40,334,294,24.61666711,876.0000013,17,8.760000013,0.75514272122983,-0.768362456147161,"Odyendyea_klaineana"
"Luki","Odyendyea_klaineana","Odyendyea","Simaroubaceae","flowers",1955,40,334,294,24.55000035,1561.600034,18,15.61600034,-0.211645423841608,1.08846925145038,"Odyendyea_klaineana"
"Luki","Odyendyea_klaineana","Odyendyea","Simaroubaceae","flowers",1956,41,335,294,24.50833384,1564.800014,19,15.64800014,-0.815884896623886,1.09713585594904,"Odyendyea_klaineana"
"Luki","Odyendyea_klaineana","Odyendyea","Simaroubaceae","flowers",1957,40,334,294,24.67500035,828.7000065,20,8.287000065,1.601079810352,-0.896466490459934,"Odyendyea_klaineana"
"Luki","Omphalocarpum_sankuruense","Omphalocarpum","Sapotaceae","flowers",1947,40,334,294,24.40000025,1532.000037,10,15.32000037,-2.38691715505412,1.00830266692158,"Omphalocarpum_sankuruense"
"Luki","Omphalocarpum_sankuruense","Omphalocarpum","Sapotaceae","flowers",1948,41,335,294,24.54166714,1556.000002,11,15.56000002,-0.332491984232284,1.07330251211957,"Omphalocarpum_sankuruense"
"Luki","Omphalocarpum_sankuruense","Omphalocarpum","Sapotaceae","flowers",1949,40,334,294,24.61666695,752.4000154,12,7.524000154,0.755140400941492,-1.10311210890594,"Omphalocarpum_sankuruense"
"Luki","Omphalocarpum_sankuruense","Omphalocarpum","Sapotaceae","flowers",1950,40,334,294,24.61666727,524.5000123,13,5.245000123,0.755145041518115,-1.7203407141193,"Omphalocarpum_sankuruense"
"Luki","Omphalocarpum_sankuruense","Omphalocarpum","Sapotaceae","flowers",1951,40,334,294,24.55833356,1307.700026,14,13.07700026,-0.0907988634509326,0.400824031310839,"Omphalocarpum_sankuruense"
"Luki","Omphalocarpum_sankuruense","Omphalocarpum","Sapotaceae","flowers",1952,41,335,294,24.52500073,1358.000019,15,13.58000019,-0.574184959995657,0.537053053247312,"Omphalocarpum_sankuruense"
"Luki","Omphalocarpum_sankuruense","Omphalocarpum","Sapotaceae","flowers",1953,40,334,294,24.59166702,907.3000212,16,9.073000212,0.392596369228904,-0.683591647181658,"Omphalocarpum_sankuruense"
"Luki","Omphalocarpum_sankuruense","Omphalocarpum","Sapotaceae","flowers",1954,40,334,294,24.61666711,876.0000013,17,8.760000013,0.75514272122983,-0.768362456147161,"Omphalocarpum_sankuruense"
"Luki","Omphalocarpum_sankuruense","Omphalocarpum","Sapotaceae","flowers",1955,40,334,294,24.55000035,1561.600034,18,15.61600034,-0.211645423841608,1.08846925145038,"Omphalocarpum_sankuruense"
"Luki","Omphalocarpum_sankuruense","Omphalocarpum","Sapotaceae","flowers",1956,41,335,294,24.50833384,1564.800014,19,15.64800014,-0.815884896623886,1.09713585594904,"Omphalocarpum_sankuruense"
"Luki","Omphalocarpum_sankuruense","Omphalocarpum","Sapotaceae","flowers",1957,40,334,294,24.67500035,828.7000065,20,8.287000065,1.601079810352,-0.896466490459934,"Omphalocarpum_sankuruense"
"Luki","Ongokea_gore","Ongokea","Aptandraceae","flowers",1947,40,334,294,24.40000025,1532.000037,10,15.32000037,-2.38691715505412,1.00830266692158,"Ongokea_gore"
"Luki","Ongokea_gore","Ongokea","Aptandraceae","flowers",1948,41,335,294,24.54166714,1556.000002,11,15.56000002,-0.332491984232284,1.07330251211957,"Ongokea_gore"
"Luki","Ongokea_gore","Ongokea","Aptandraceae","flowers",1949,40,334,294,24.61666695,752.4000154,12,7.524000154,0.755140400941492,-1.10311210890594,"Ongokea_gore"
"Luki","Ongokea_gore","Ongokea","Aptandraceae","flowers",1950,40,334,294,24.61666727,524.5000123,13,5.245000123,0.755145041518115,-1.7203407141193,"Ongokea_gore"
"Luki","Ongokea_gore","Ongokea","Aptandraceae","flowers",1951,40,334,294,24.55833356,1307.700026,14,13.07700026,-0.0907988634509326,0.400824031310839,"Ongokea_gore"
"Luki","Ongokea_gore","Ongokea","Aptandraceae","flowers",1952,41,335,294,24.52500073,1358.000019,15,13.58000019,-0.574184959995657,0.537053053247312,"Ongokea_gore"
"Luki","Ongokea_gore","Ongokea","Aptandraceae","flowers",1953,40,334,294,24.59166702,907.3000212,16,9.073000212,0.392596369228904,-0.683591647181658,"Ongokea_gore"
"Luki","Ongokea_gore","Ongokea","Aptandraceae","flowers",1954,40,334,294,24.61666711,876.0000013,17,8.760000013,0.75514272122983,-0.768362456147161,"Ongokea_gore"
"Luki","Ongokea_gore","Ongokea","Aptandraceae","flowers",1955,40,334,294,24.55000035,1561.600034,18,15.61600034,-0.211645423841608,1.08846925145038,"Ongokea_gore"
"Luki","Ongokea_gore","Ongokea","Aptandraceae","flowers",1956,41,335,294,24.50833384,1564.800014,19,15.64800014,-0.815884896623886,1.09713585594904,"Ongokea_gore"
"Luki","Ongokea_gore","Ongokea","Aptandraceae","flowers",1957,40,334,294,24.67500035,828.7000065,20,8.287000065,1.601079810352,-0.896466490459934,"Ongokea_gore"
"Luki","Pachylobus_buettneri","Pachylobus","Burseraceae","flowers",1947,40,334,294,24.40000025,1532.000037,10,15.32000037,-2.38691715505412,1.00830266692158,"Pachylobus_buettneri"
"Luki","Pachylobus_buettneri","Pachylobus","Burseraceae","flowers",1948,41,335,294,24.54166714,1556.000002,11,15.56000002,-0.332491984232284,1.07330251211957,"Pachylobus_buettneri"
"Luki","Pachylobus_buettneri","Pachylobus","Burseraceae","flowers",1949,40,334,294,24.61666695,752.4000154,12,7.524000154,0.755140400941492,-1.10311210890594,"Pachylobus_buettneri"
"Luki","Pachylobus_buettneri","Pachylobus","Burseraceae","flowers",1950,40,334,294,24.61666727,524.5000123,13,5.245000123,0.755145041518115,-1.7203407141193,"Pachylobus_buettneri"
"Luki","Pachylobus_buettneri","Pachylobus","Burseraceae","flowers",1951,40,334,294,24.55833356,1307.700026,14,13.07700026,-0.0907988634509326,0.400824031310839,"Pachylobus_buettneri"
"Luki","Pachylobus_buettneri","Pachylobus","Burseraceae","flowers",1952,41,335,294,24.52500073,1358.000019,15,13.58000019,-0.574184959995657,0.537053053247312,"Pachylobus_buettneri"
"Luki","Pachylobus_buettneri","Pachylobus","Burseraceae","flowers",1953,40,334,294,24.59166702,907.3000212,16,9.073000212,0.392596369228904,-0.683591647181658,"Pachylobus_buettneri"
"Luki","Pachylobus_buettneri","Pachylobus","Burseraceae","flowers",1954,40,334,294,24.61666711,876.0000013,17,8.760000013,0.75514272122983,-0.768362456147161,"Pachylobus_buettneri"
"Luki","Pachylobus_buettneri","Pachylobus","Burseraceae","flowers",1955,40,334,294,24.55000035,1561.600034,18,15.61600034,-0.211645423841608,1.08846925145038,"Pachylobus_buettneri"
"Luki","Pachylobus_buettneri","Pachylobus","Burseraceae","flowers",1956,41,335,294,24.50833384,1564.800014,19,15.64800014,-0.815884896623886,1.09713585594904,"Pachylobus_buettneri"
"Luki","Pachylobus_buettneri","Pachylobus","Burseraceae","flowers",1957,40,334,294,24.67500035,828.7000065,20,8.287000065,1.601079810352,-0.896466490459934,"Pachylobus_buettneri"
"Luki","Pachylobus_edulis","Pachylobus","Burseraceae","flowers",1947,41,333,292,24.40000025,1532.000037,10,15.32000037,-2.38691715505412,1.00830266692158,"Pachylobus_edulis"
"Luki","Pachylobus_edulis","Pachylobus","Burseraceae","flowers",1948,41,335,294,24.54166714,1556.000002,11,15.56000002,-0.332491984232284,1.07330251211957,"Pachylobus_edulis"
"Luki","Pachylobus_edulis","Pachylobus","Burseraceae","flowers",1949,40,334,294,24.61666695,752.4000154,12,7.524000154,0.755140400941492,-1.10311210890594,"Pachylobus_edulis"
"Luki","Pachylobus_edulis","Pachylobus","Burseraceae","flowers",1950,40,334,294,24.61666727,524.5000123,13,5.245000123,0.755145041518115,-1.7203407141193,"Pachylobus_edulis"
"Luki","Pachylobus_edulis","Pachylobus","Burseraceae","flowers",1951,40,334,294,24.55833356,1307.700026,14,13.07700026,-0.0907988634509326,0.400824031310839,"Pachylobus_edulis"
"Luki","Pachylobus_edulis","Pachylobus","Burseraceae","flowers",1952,41,335,294,24.52500073,1358.000019,15,13.58000019,-0.574184959995657,0.537053053247312,"Pachylobus_edulis"
"Luki","Pachylobus_edulis","Pachylobus","Burseraceae","flowers",1953,40,334,294,24.59166702,907.3000212,16,9.073000212,0.392596369228904,-0.683591647181658,"Pachylobus_edulis"
"Luki","Pachylobus_edulis","Pachylobus","Burseraceae","flowers",1954,40,334,294,24.61666711,876.0000013,17,8.760000013,0.75514272122983,-0.768362456147161,"Pachylobus_edulis"
"Luki","Pachylobus_edulis","Pachylobus","Burseraceae","flowers",1955,40,334,294,24.55000035,1561.600034,18,15.61600034,-0.211645423841608,1.08846925145038,"Pachylobus_edulis"
"Luki","Pachylobus_edulis","Pachylobus","Burseraceae","flowers",1956,41,335,294,24.50833384,1564.800014,19,15.64800014,-0.815884896623886,1.09713585594904,"Pachylobus_edulis"
"Luki","Pachylobus_edulis","Pachylobus","Burseraceae","flowers",1957,40,334,294,24.67500035,828.7000065,20,8.287000065,1.601079810352,-0.896466490459934,"Pachylobus_edulis"
"Luki","Pachylobus_trimerus","Pachylobus","Burseraceae","flowers",1947,45,329,284,24.40000025,1532.000037,10,15.32000037,-2.38691715505412,1.00830266692158,"Pachylobus_trimerus"
"Luki","Pachylobus_trimerus","Pachylobus","Burseraceae","flowers",1948,45.5,330,284.5,24.54166714,1556.000002,11,15.56000002,-0.332491984232284,1.07330251211957,"Pachylobus_trimerus"
"Luki","Pachylobus_trimerus","Pachylobus","Burseraceae","flowers",1949,45,329,284,24.61666695,752.4000154,12,7.524000154,0.755140400941492,-1.10311210890594,"Pachylobus_trimerus"
"Luki","Pachylobus_trimerus","Pachylobus","Burseraceae","flowers",1950,41,333,292,24.61666727,524.5000123,13,5.245000123,0.755145041518115,-1.7203407141193,"Pachylobus_trimerus"
"Luki","Pachylobus_trimerus","Pachylobus","Burseraceae","flowers",1951,41,333,292,24.55833356,1307.700026,14,13.07700026,-0.0907988634509326,0.400824031310839,"Pachylobus_trimerus"
"Luki","Pachylobus_trimerus","Pachylobus","Burseraceae","flowers",1952,41.9,334,292.1,24.52500073,1358.000019,15,13.58000019,-0.574184959995657,0.537053053247312,"Pachylobus_trimerus"
"Luki","Pachylobus_trimerus","Pachylobus","Burseraceae","flowers",1953,41,333,292,24.59166702,907.3000212,16,9.073000212,0.392596369228904,-0.683591647181658,"Pachylobus_trimerus"
"Luki","Pachylobus_trimerus","Pachylobus","Burseraceae","flowers",1954,40,334,294,24.61666711,876.0000013,17,8.760000013,0.75514272122983,-0.768362456147161,"Pachylobus_trimerus"
"Luki","Pachylobus_trimerus","Pachylobus","Burseraceae","flowers",1955,40,334,294,24.55000035,1561.600034,18,15.61600034,-0.211645423841608,1.08846925145038,"Pachylobus_trimerus"
"Luki","Pachylobus_trimerus","Pachylobus","Burseraceae","flowers",1956,41,335,294,24.50833384,1564.800014,19,15.64800014,-0.815884896623886,1.09713585594904,"Pachylobus_trimerus"
"Luki","Pachylobus_trimerus","Pachylobus","Burseraceae","flowers",1957,40,334,294,24.67500035,828.7000065,20,8.287000065,1.601079810352,-0.896466490459934,"Pachylobus_trimerus"
"Luki","Parkia_filicoidea","Parkia","Fabaceae","flowers",1947,40,334,294,24.40000025,1532.000037,10,15.32000037,-2.38691715505412,1.00830266692158,"Parkia_filicoidea"
"Luki","Parkia_filicoidea","Parkia","Fabaceae","flowers",1948,41,335,294,24.54166714,1556.000002,11,15.56000002,-0.332491984232284,1.07330251211957,"Parkia_filicoidea"
"Luki","Parkia_filicoidea","Parkia","Fabaceae","flowers",1949,40,334,294,24.61666695,752.4000154,12,7.524000154,0.755140400941492,-1.10311210890594,"Parkia_filicoidea"
"Luki","Parkia_filicoidea","Parkia","Fabaceae","flowers",1950,40,334,294,24.61666727,524.5000123,13,5.245000123,0.755145041518115,-1.7203407141193,"Parkia_filicoidea"
"Luki","Parkia_filicoidea","Parkia","Fabaceae","flowers",1951,40,334,294,24.55833356,1307.700026,14,13.07700026,-0.0907988634509326,0.400824031310839,"Parkia_filicoidea"
"Luki","Parkia_filicoidea","Parkia","Fabaceae","flowers",1952,41,335,294,24.52500073,1358.000019,15,13.58000019,-0.574184959995657,0.537053053247312,"Parkia_filicoidea"
"Luki","Parkia_filicoidea","Parkia","Fabaceae","flowers",1953,40,334,294,24.59166702,907.3000212,16,9.073000212,0.392596369228904,-0.683591647181658,"Parkia_filicoidea"
"Luki","Parkia_filicoidea","Parkia","Fabaceae","flowers",1954,40,334,294,24.61666711,876.0000013,17,8.760000013,0.75514272122983,-0.768362456147161,"Parkia_filicoidea"
"Luki","Parkia_filicoidea","Parkia","Fabaceae","flowers",1955,40,334,294,24.55000035,1561.600034,18,15.61600034,-0.211645423841608,1.08846925145038,"Parkia_filicoidea"
"Luki","Parkia_filicoidea","Parkia","Fabaceae","flowers",1956,41,335,294,24.50833384,1564.800014,19,15.64800014,-0.815884896623886,1.09713585594904,"Parkia_filicoidea"
"Luki","Parkia_filicoidea","Parkia","Fabaceae","flowers",1957,40,334,294,24.67500035,828.7000065,20,8.287000065,1.601079810352,-0.896466490459934,"Parkia_filicoidea"
"Luki","Paropsia_braunii","Paropsia","Passifloraceae","flowers",1947,40,334,294,24.40000025,1532.000037,10,15.32000037,-2.38691715505412,1.00830266692158,"Paropsia_braunii"
"Luki","Paropsia_braunii","Paropsia","Passifloraceae","flowers",1948,41,335,294,24.54166714,1556.000002,11,15.56000002,-0.332491984232284,1.07330251211957,"Paropsia_braunii"
"Luki","Paropsia_braunii","Paropsia","Passifloraceae","flowers",1949,40,334,294,24.61666695,752.4000154,12,7.524000154,0.755140400941492,-1.10311210890594,"Paropsia_braunii"
"Luki","Paropsia_braunii","Paropsia","Passifloraceae","flowers",1950,40,334,294,24.61666727,524.5000123,13,5.245000123,0.755145041518115,-1.7203407141193,"Paropsia_braunii"
"Luki","Paropsia_braunii","Paropsia","Passifloraceae","flowers",1951,40,334,294,24.55833356,1307.700026,14,13.07700026,-0.0907988634509326,0.400824031310839,"Paropsia_braunii"
"Luki","Paropsia_braunii","Paropsia","Passifloraceae","flowers",1952,41,335,294,24.52500073,1358.000019,15,13.58000019,-0.574184959995657,0.537053053247312,"Paropsia_braunii"
"Luki","Paropsia_braunii","Paropsia","Passifloraceae","flowers",1953,40,334,294,24.59166702,907.3000212,16,9.073000212,0.392596369228904,-0.683591647181658,"Paropsia_braunii"
"Luki","Paropsia_braunii","Paropsia","Passifloraceae","flowers",1954,40,334,294,24.61666711,876.0000013,17,8.760000013,0.75514272122983,-0.768362456147161,"Paropsia_braunii"
"Luki","Paropsia_braunii","Paropsia","Passifloraceae","flowers",1955,40,334,294,24.55000035,1561.600034,18,15.61600034,-0.211645423841608,1.08846925145038,"Paropsia_braunii"
"Luki","Paropsia_braunii","Paropsia","Passifloraceae","flowers",1956,41,335,294,24.50833384,1564.800014,19,15.64800014,-0.815884896623886,1.09713585594904,"Paropsia_braunii"
"Luki","Paropsia_braunii","Paropsia","Passifloraceae","flowers",1957,40,334,294,24.67500035,828.7000065,20,8.287000065,1.601079810352,-0.896466490459934,"Paropsia_braunii"
"Luki","Pentaclethra_eetveldeana","Pentaclethra","Fabaceae","flowers",1947,40,334,294,24.40000025,1532.000037,10,15.32000037,-2.38691715505412,1.00830266692158,"Pentaclethra_eetveldeana"
"Luki","Pentaclethra_eetveldeana","Pentaclethra","Fabaceae","flowers",1948,41,335,294,24.54166714,1556.000002,11,15.56000002,-0.332491984232284,1.07330251211957,"Pentaclethra_eetveldeana"
"Luki","Pentaclethra_eetveldeana","Pentaclethra","Fabaceae","flowers",1949,40,334,294,24.61666695,752.4000154,12,7.524000154,0.755140400941492,-1.10311210890594,"Pentaclethra_eetveldeana"
"Luki","Pentaclethra_eetveldeana","Pentaclethra","Fabaceae","flowers",1950,40,334,294,24.61666727,524.5000123,13,5.245000123,0.755145041518115,-1.7203407141193,"Pentaclethra_eetveldeana"
"Luki","Pentaclethra_eetveldeana","Pentaclethra","Fabaceae","flowers",1951,40,334,294,24.55833356,1307.700026,14,13.07700026,-0.0907988634509326,0.400824031310839,"Pentaclethra_eetveldeana"
"Luki","Pentaclethra_eetveldeana","Pentaclethra","Fabaceae","flowers",1952,41,335,294,24.52500073,1358.000019,15,13.58000019,-0.574184959995657,0.537053053247312,"Pentaclethra_eetveldeana"
"Luki","Pentaclethra_eetveldeana","Pentaclethra","Fabaceae","flowers",1953,40,334,294,24.59166702,907.3000212,16,9.073000212,0.392596369228904,-0.683591647181658,"Pentaclethra_eetveldeana"
"Luki","Pentaclethra_eetveldeana","Pentaclethra","Fabaceae","flowers",1954,40,334,294,24.61666711,876.0000013,17,8.760000013,0.75514272122983,-0.768362456147161,"Pentaclethra_eetveldeana"
"Luki","Pentaclethra_eetveldeana","Pentaclethra","Fabaceae","flowers",1955,40,334,294,24.55000035,1561.600034,18,15.61600034,-0.211645423841608,1.08846925145038,"Pentaclethra_eetveldeana"
"Luki","Pentaclethra_eetveldeana","Pentaclethra","Fabaceae","flowers",1956,41,335,294,24.50833384,1564.800014,19,15.64800014,-0.815884896623886,1.09713585594904,"Pentaclethra_eetveldeana"
"Luki","Pentaclethra_eetveldeana","Pentaclethra","Fabaceae","flowers",1957,40,334,294,24.67500035,828.7000065,20,8.287000065,1.601079810352,-0.896466490459934,"Pentaclethra_eetveldeana"
"Luki","Pentaclethra_macrophylla","Pentaclethra","Fabaceae","flowers",1947,40,334,294,24.40000025,1532.000037,10,15.32000037,-2.38691715505412,1.00830266692158,"Pentaclethra_macrophylla"
"Luki","Pentaclethra_macrophylla","Pentaclethra","Fabaceae","flowers",1948,41,335,294,24.54166714,1556.000002,11,15.56000002,-0.332491984232284,1.07330251211957,"Pentaclethra_macrophylla"
"Luki","Pentaclethra_macrophylla","Pentaclethra","Fabaceae","flowers",1949,40,334,294,24.61666695,752.4000154,12,7.524000154,0.755140400941492,-1.10311210890594,"Pentaclethra_macrophylla"
"Luki","Pentaclethra_macrophylla","Pentaclethra","Fabaceae","flowers",1950,40,334,294,24.61666727,524.5000123,13,5.245000123,0.755145041518115,-1.7203407141193,"Pentaclethra_macrophylla"
"Luki","Pentaclethra_macrophylla","Pentaclethra","Fabaceae","flowers",1951,40,334,294,24.55833356,1307.700026,14,13.07700026,-0.0907988634509326,0.400824031310839,"Pentaclethra_macrophylla"
"Luki","Pentaclethra_macrophylla","Pentaclethra","Fabaceae","flowers",1952,41,335,294,24.52500073,1358.000019,15,13.58000019,-0.574184959995657,0.537053053247312,"Pentaclethra_macrophylla"
"Luki","Pentaclethra_macrophylla","Pentaclethra","Fabaceae","flowers",1953,40,334,294,24.59166702,907.3000212,16,9.073000212,0.392596369228904,-0.683591647181658,"Pentaclethra_macrophylla"
"Luki","Pentaclethra_macrophylla","Pentaclethra","Fabaceae","flowers",1954,40,334,294,24.61666711,876.0000013,17,8.760000013,0.75514272122983,-0.768362456147161,"Pentaclethra_macrophylla"
"Luki","Pentaclethra_macrophylla","Pentaclethra","Fabaceae","flowers",1955,40,334,294,24.55000035,1561.600034,18,15.61600034,-0.211645423841608,1.08846925145038,"Pentaclethra_macrophylla"
"Luki","Pentaclethra_macrophylla","Pentaclethra","Fabaceae","flowers",1956,41,335,294,24.50833384,1564.800014,19,15.64800014,-0.815884896623886,1.09713585594904,"Pentaclethra_macrophylla"
"Luki","Pentaclethra_macrophylla","Pentaclethra","Fabaceae","flowers",1957,40,334,294,24.67500035,828.7000065,20,8.287000065,1.601079810352,-0.896466490459934,"Pentaclethra_macrophylla"
"Luki","Petersianthus_macrocarpus","Petersianthus","Lecythidaceae","flowers",1947,40,334,294,24.40000025,1532.000037,10,15.32000037,-2.38691715505412,1.00830266692158,"Petersianthus_macrocarpus"
"Luki","Petersianthus_macrocarpus","Petersianthus","Lecythidaceae","flowers",1948,41,335,294,24.54166714,1556.000002,11,15.56000002,-0.332491984232284,1.07330251211957,"Petersianthus_macrocarpus"
"Luki","Petersianthus_macrocarpus","Petersianthus","Lecythidaceae","flowers",1949,40,334,294,24.61666695,752.4000154,12,7.524000154,0.755140400941492,-1.10311210890594,"Petersianthus_macrocarpus"
"Luki","Petersianthus_macrocarpus","Petersianthus","Lecythidaceae","flowers",1950,40,334,294,24.61666727,524.5000123,13,5.245000123,0.755145041518115,-1.7203407141193,"Petersianthus_macrocarpus"
"Luki","Petersianthus_macrocarpus","Petersianthus","Lecythidaceae","flowers",1951,40,334,294,24.55833356,1307.700026,14,13.07700026,-0.0907988634509326,0.400824031310839,"Petersianthus_macrocarpus"
"Luki","Petersianthus_macrocarpus","Petersianthus","Lecythidaceae","flowers",1952,41,335,294,24.52500073,1358.000019,15,13.58000019,-0.574184959995657,0.537053053247312,"Petersianthus_macrocarpus"
"Luki","Petersianthus_macrocarpus","Petersianthus","Lecythidaceae","flowers",1953,40,334,294,24.59166702,907.3000212,16,9.073000212,0.392596369228904,-0.683591647181658,"Petersianthus_macrocarpus"
"Luki","Petersianthus_macrocarpus","Petersianthus","Lecythidaceae","flowers",1954,40,334,294,24.61666711,876.0000013,17,8.760000013,0.75514272122983,-0.768362456147161,"Petersianthus_macrocarpus"
"Luki","Petersianthus_macrocarpus","Petersianthus","Lecythidaceae","flowers",1955,40,334,294,24.55000035,1561.600034,18,15.61600034,-0.211645423841608,1.08846925145038,"Petersianthus_macrocarpus"
"Luki","Petersianthus_macrocarpus","Petersianthus","Lecythidaceae","flowers",1956,41,335,294,24.50833384,1564.800014,19,15.64800014,-0.815884896623886,1.09713585594904,"Petersianthus_macrocarpus"
"Luki","Petersianthus_macrocarpus","Petersianthus","Lecythidaceae","flowers",1957,40,334,294,24.67500035,828.7000065,20,8.287000065,1.601079810352,-0.896466490459934,"Petersianthus_macrocarpus"
"Luki","Piptadeniastrum_africanum","Piptadeniastrum","Fabaceae","flowers",1947,40,334,294,24.40000025,1532.000037,10,15.32000037,-2.38691715505412,1.00830266692158,"Piptadeniastrum_africanum"
"Luki","Piptadeniastrum_africanum","Piptadeniastrum","Fabaceae","flowers",1948,41,335,294,24.54166714,1556.000002,11,15.56000002,-0.332491984232284,1.07330251211957,"Piptadeniastrum_africanum"
"Luki","Piptadeniastrum_africanum","Piptadeniastrum","Fabaceae","flowers",1949,40,334,294,24.61666695,752.4000154,12,7.524000154,0.755140400941492,-1.10311210890594,"Piptadeniastrum_africanum"
"Luki","Piptadeniastrum_africanum","Piptadeniastrum","Fabaceae","flowers",1950,40,334,294,24.61666727,524.5000123,13,5.245000123,0.755145041518115,-1.7203407141193,"Piptadeniastrum_africanum"
"Luki","Piptadeniastrum_africanum","Piptadeniastrum","Fabaceae","flowers",1951,40,334,294,24.55833356,1307.700026,14,13.07700026,-0.0907988634509326,0.400824031310839,"Piptadeniastrum_africanum"
"Luki","Piptadeniastrum_africanum","Piptadeniastrum","Fabaceae","flowers",1952,41,335,294,24.52500073,1358.000019,15,13.58000019,-0.574184959995657,0.537053053247312,"Piptadeniastrum_africanum"
"Luki","Piptadeniastrum_africanum","Piptadeniastrum","Fabaceae","flowers",1953,40,334,294,24.59166702,907.3000212,16,9.073000212,0.392596369228904,-0.683591647181658,"Piptadeniastrum_africanum"
"Luki","Piptadeniastrum_africanum","Piptadeniastrum","Fabaceae","flowers",1954,40,334,294,24.61666711,876.0000013,17,8.760000013,0.75514272122983,-0.768362456147161,"Piptadeniastrum_africanum"
"Luki","Piptadeniastrum_africanum","Piptadeniastrum","Fabaceae","flowers",1955,40,334,294,24.55000035,1561.600034,18,15.61600034,-0.211645423841608,1.08846925145038,"Piptadeniastrum_africanum"
"Luki","Piptadeniastrum_africanum","Piptadeniastrum","Fabaceae","flowers",1956,41,335,294,24.50833384,1564.800014,19,15.64800014,-0.815884896623886,1.09713585594904,"Piptadeniastrum_africanum"
"Luki","Piptadeniastrum_africanum","Piptadeniastrum","Fabaceae","flowers",1957,40,334,294,24.67500035,828.7000065,20,8.287000065,1.601079810352,-0.896466490459934,"Piptadeniastrum_africanum"
"Luki","Placodiscus_resendeanus","Placodiscus","Sapindaceae","flowers",1947,40,334,294,24.40000025,1532.000037,10,15.32000037,-2.38691715505412,1.00830266692158,"Placodiscus_resendeanus"
"Luki","Placodiscus_resendeanus","Placodiscus","Sapindaceae","flowers",1948,41,335,294,24.54166714,1556.000002,11,15.56000002,-0.332491984232284,1.07330251211957,"Placodiscus_resendeanus"
"Luki","Placodiscus_resendeanus","Placodiscus","Sapindaceae","flowers",1949,40,334,294,24.61666695,752.4000154,12,7.524000154,0.755140400941492,-1.10311210890594,"Placodiscus_resendeanus"
"Luki","Placodiscus_resendeanus","Placodiscus","Sapindaceae","flowers",1950,40,334,294,24.61666727,524.5000123,13,5.245000123,0.755145041518115,-1.7203407141193,"Placodiscus_resendeanus"
"Luki","Placodiscus_resendeanus","Placodiscus","Sapindaceae","flowers",1951,40,334,294,24.55833356,1307.700026,14,13.07700026,-0.0907988634509326,0.400824031310839,"Placodiscus_resendeanus"
"Luki","Placodiscus_resendeanus","Placodiscus","Sapindaceae","flowers",1952,41,335,294,24.52500073,1358.000019,15,13.58000019,-0.574184959995657,0.537053053247312,"Placodiscus_resendeanus"
"Luki","Placodiscus_resendeanus","Placodiscus","Sapindaceae","flowers",1953,40,334,294,24.59166702,907.3000212,16,9.073000212,0.392596369228904,-0.683591647181658,"Placodiscus_resendeanus"
"Luki","Placodiscus_resendeanus","Placodiscus","Sapindaceae","flowers",1954,40,334,294,24.61666711,876.0000013,17,8.760000013,0.75514272122983,-0.768362456147161,"Placodiscus_resendeanus"
"Luki","Placodiscus_resendeanus","Placodiscus","Sapindaceae","flowers",1955,40,334,294,24.55000035,1561.600034,18,15.61600034,-0.211645423841608,1.08846925145038,"Placodiscus_resendeanus"
"Luki","Placodiscus_resendeanus","Placodiscus","Sapindaceae","flowers",1956,41,335,294,24.50833384,1564.800014,19,15.64800014,-0.815884896623886,1.09713585594904,"Placodiscus_resendeanus"
"Luki","Placodiscus_resendeanus","Placodiscus","Sapindaceae","flowers",1957,40,334,294,24.67500035,828.7000065,20,8.287000065,1.601079810352,-0.896466490459934,"Placodiscus_resendeanus"
"Luki","Platysepalum_chevalieri","Platysepalum","Fabaceae","flowers",1947,40,334,294,24.40000025,1532.000037,10,15.32000037,-2.38691715505412,1.00830266692158,"Platysepalum_chevalieri"
"Luki","Platysepalum_chevalieri","Platysepalum","Fabaceae","flowers",1948,41,335,294,24.54166714,1556.000002,11,15.56000002,-0.332491984232284,1.07330251211957,"Platysepalum_chevalieri"
"Luki","Platysepalum_chevalieri","Platysepalum","Fabaceae","flowers",1949,40,334,294,24.61666695,752.4000154,12,7.524000154,0.755140400941492,-1.10311210890594,"Platysepalum_chevalieri"
"Luki","Platysepalum_chevalieri","Platysepalum","Fabaceae","flowers",1950,40,334,294,24.61666727,524.5000123,13,5.245000123,0.755145041518115,-1.7203407141193,"Platysepalum_chevalieri"
"Luki","Platysepalum_chevalieri","Platysepalum","Fabaceae","flowers",1951,40,334,294,24.55833356,1307.700026,14,13.07700026,-0.0907988634509326,0.400824031310839,"Platysepalum_chevalieri"
"Luki","Platysepalum_chevalieri","Platysepalum","Fabaceae","flowers",1952,41,335,294,24.52500073,1358.000019,15,13.58000019,-0.574184959995657,0.537053053247312,"Platysepalum_chevalieri"
"Luki","Platysepalum_chevalieri","Platysepalum","Fabaceae","flowers",1953,40,334,294,24.59166702,907.3000212,16,9.073000212,0.392596369228904,-0.683591647181658,"Platysepalum_chevalieri"
"Luki","Platysepalum_chevalieri","Platysepalum","Fabaceae","flowers",1954,40,334,294,24.61666711,876.0000013,17,8.760000013,0.75514272122983,-0.768362456147161,"Platysepalum_chevalieri"
"Luki","Platysepalum_chevalieri","Platysepalum","Fabaceae","flowers",1955,40,334,294,24.55000035,1561.600034,18,15.61600034,-0.211645423841608,1.08846925145038,"Platysepalum_chevalieri"
"Luki","Platysepalum_chevalieri","Platysepalum","Fabaceae","flowers",1956,41,335,294,24.50833384,1564.800014,19,15.64800014,-0.815884896623886,1.09713585594904,"Platysepalum_chevalieri"
"Luki","Platysepalum_chevalieri","Platysepalum","Fabaceae","flowers",1957,40,334,294,24.67500035,828.7000065,20,8.287000065,1.601079810352,-0.896466490459934,"Platysepalum_chevalieri"
"Luki","Polyalthia_suaveolens","Polyalthia","Annonaceae","flowers",1947,40,334,294,24.40000025,1532.000037,10,15.32000037,-2.38691715505412,1.00830266692158,"Polyalthia_suaveolens"
"Luki","Polyalthia_suaveolens","Polyalthia","Annonaceae","flowers",1948,41,335,294,24.54166714,1556.000002,11,15.56000002,-0.332491984232284,1.07330251211957,"Polyalthia_suaveolens"
"Luki","Polyalthia_suaveolens","Polyalthia","Annonaceae","flowers",1949,40,334,294,24.61666695,752.4000154,12,7.524000154,0.755140400941492,-1.10311210890594,"Polyalthia_suaveolens"
"Luki","Polyalthia_suaveolens","Polyalthia","Annonaceae","flowers",1950,40,334,294,24.61666727,524.5000123,13,5.245000123,0.755145041518115,-1.7203407141193,"Polyalthia_suaveolens"
"Luki","Polyalthia_suaveolens","Polyalthia","Annonaceae","flowers",1951,40,334,294,24.55833356,1307.700026,14,13.07700026,-0.0907988634509326,0.400824031310839,"Polyalthia_suaveolens"
"Luki","Polyalthia_suaveolens","Polyalthia","Annonaceae","flowers",1952,41,335,294,24.52500073,1358.000019,15,13.58000019,-0.574184959995657,0.537053053247312,"Polyalthia_suaveolens"
"Luki","Polyalthia_suaveolens","Polyalthia","Annonaceae","flowers",1953,40,334,294,24.59166702,907.3000212,16,9.073000212,0.392596369228904,-0.683591647181658,"Polyalthia_suaveolens"
"Luki","Polyalthia_suaveolens","Polyalthia","Annonaceae","flowers",1954,40,334,294,24.61666711,876.0000013,17,8.760000013,0.75514272122983,-0.768362456147161,"Polyalthia_suaveolens"
"Luki","Polyalthia_suaveolens","Polyalthia","Annonaceae","flowers",1955,40,334,294,24.55000035,1561.600034,18,15.61600034,-0.211645423841608,1.08846925145038,"Polyalthia_suaveolens"
"Luki","Polyalthia_suaveolens","Polyalthia","Annonaceae","flowers",1956,41,335,294,24.50833384,1564.800014,19,15.64800014,-0.815884896623886,1.09713585594904,"Polyalthia_suaveolens"
"Luki","Polyalthia_suaveolens","Polyalthia","Annonaceae","flowers",1957,40,334,294,24.67500035,828.7000065,20,8.287000065,1.601079810352,-0.896466490459934,"Polyalthia_suaveolens"
"Luki","Prioria_balsamifera","Prioria","Fabaceae","flowers",1947,40,334,294,24.40000025,1532.000037,10,15.32000037,-2.38691715505412,1.00830266692158,"Prioria_balsamifera"
"Luki","Prioria_balsamifera","Prioria","Fabaceae","flowers",1948,41,335,294,24.54166714,1556.000002,11,15.56000002,-0.332491984232284,1.07330251211957,"Prioria_balsamifera"
"Luki","Prioria_balsamifera","Prioria","Fabaceae","flowers",1949,40,334,294,24.61666695,752.4000154,12,7.524000154,0.755140400941492,-1.10311210890594,"Prioria_balsamifera"
"Luki","Prioria_balsamifera","Prioria","Fabaceae","flowers",1950,40,334,294,24.61666727,524.5000123,13,5.245000123,0.755145041518115,-1.7203407141193,"Prioria_balsamifera"
"Luki","Prioria_balsamifera","Prioria","Fabaceae","flowers",1951,40,334,294,24.55833356,1307.700026,14,13.07700026,-0.0907988634509326,0.400824031310839,"Prioria_balsamifera"
"Luki","Prioria_balsamifera","Prioria","Fabaceae","flowers",1952,41,335,294,24.52500073,1358.000019,15,13.58000019,-0.574184959995657,0.537053053247312,"Prioria_balsamifera"
"Luki","Prioria_balsamifera","Prioria","Fabaceae","flowers",1953,40,334,294,24.59166702,907.3000212,16,9.073000212,0.392596369228904,-0.683591647181658,"Prioria_balsamifera"
"Luki","Prioria_balsamifera","Prioria","Fabaceae","flowers",1954,40,334,294,24.61666711,876.0000013,17,8.760000013,0.75514272122983,-0.768362456147161,"Prioria_balsamifera"
"Luki","Prioria_balsamifera","Prioria","Fabaceae","flowers",1955,40,334,294,24.55000035,1561.600034,18,15.61600034,-0.211645423841608,1.08846925145038,"Prioria_balsamifera"
"Luki","Prioria_balsamifera","Prioria","Fabaceae","flowers",1956,41,335,294,24.50833384,1564.800014,19,15.64800014,-0.815884896623886,1.09713585594904,"Prioria_balsamifera"
"Luki","Prioria_balsamifera","Prioria","Fabaceae","flowers",1957,40,334,294,24.67500035,828.7000065,20,8.287000065,1.601079810352,-0.896466490459934,"Prioria_balsamifera"
"Luki","Prioria_oxyphylla","Prioria","Fabaceae","flowers",1947,40,334,294,24.40000025,1532.000037,10,15.32000037,-2.38691715505412,1.00830266692158,"Prioria_oxyphylla"
"Luki","Prioria_oxyphylla","Prioria","Fabaceae","flowers",1948,41,335,294,24.54166714,1556.000002,11,15.56000002,-0.332491984232284,1.07330251211957,"Prioria_oxyphylla"
"Luki","Prioria_oxyphylla","Prioria","Fabaceae","flowers",1949,40,334,294,24.61666695,752.4000154,12,7.524000154,0.755140400941492,-1.10311210890594,"Prioria_oxyphylla"
"Luki","Prioria_oxyphylla","Prioria","Fabaceae","flowers",1950,40,334,294,24.61666727,524.5000123,13,5.245000123,0.755145041518115,-1.7203407141193,"Prioria_oxyphylla"
"Luki","Prioria_oxyphylla","Prioria","Fabaceae","flowers",1951,40,334,294,24.55833356,1307.700026,14,13.07700026,-0.0907988634509326,0.400824031310839,"Prioria_oxyphylla"
"Luki","Prioria_oxyphylla","Prioria","Fabaceae","flowers",1952,41,335,294,24.52500073,1358.000019,15,13.58000019,-0.574184959995657,0.537053053247312,"Prioria_oxyphylla"
"Luki","Prioria_oxyphylla","Prioria","Fabaceae","flowers",1953,40,334,294,24.59166702,907.3000212,16,9.073000212,0.392596369228904,-0.683591647181658,"Prioria_oxyphylla"
"Luki","Prioria_oxyphylla","Prioria","Fabaceae","flowers",1954,40,334,294,24.61666711,876.0000013,17,8.760000013,0.75514272122983,-0.768362456147161,"Prioria_oxyphylla"
"Luki","Prioria_oxyphylla","Prioria","Fabaceae","flowers",1955,40,334,294,24.55000035,1561.600034,18,15.61600034,-0.211645423841608,1.08846925145038,"Prioria_oxyphylla"
"Luki","Prioria_oxyphylla","Prioria","Fabaceae","flowers",1956,41,335,294,24.50833384,1564.800014,19,15.64800014,-0.815884896623886,1.09713585594904,"Prioria_oxyphylla"
"Luki","Prioria_oxyphylla","Prioria","Fabaceae","flowers",1957,40,334,294,24.67500035,828.7000065,20,8.287000065,1.601079810352,-0.896466490459934,"Prioria_oxyphylla"
"Luki","Pseudospondias_microcarpa","Pseudospondias","Anacardiaceae","flowers",1947,40,334,294,24.40000025,1532.000037,10,15.32000037,-2.38691715505412,1.00830266692158,"Pseudospondias_microcarpa"
"Luki","Pseudospondias_microcarpa","Pseudospondias","Anacardiaceae","flowers",1948,41,335,294,24.54166714,1556.000002,11,15.56000002,-0.332491984232284,1.07330251211957,"Pseudospondias_microcarpa"
"Luki","Pseudospondias_microcarpa","Pseudospondias","Anacardiaceae","flowers",1949,40,334,294,24.61666695,752.4000154,12,7.524000154,0.755140400941492,-1.10311210890594,"Pseudospondias_microcarpa"
"Luki","Pseudospondias_microcarpa","Pseudospondias","Anacardiaceae","flowers",1950,40,334,294,24.61666727,524.5000123,13,5.245000123,0.755145041518115,-1.7203407141193,"Pseudospondias_microcarpa"
"Luki","Pseudospondias_microcarpa","Pseudospondias","Anacardiaceae","flowers",1951,40,334,294,24.55833356,1307.700026,14,13.07700026,-0.0907988634509326,0.400824031310839,"Pseudospondias_microcarpa"
"Luki","Pseudospondias_microcarpa","Pseudospondias","Anacardiaceae","flowers",1952,41,335,294,24.52500073,1358.000019,15,13.58000019,-0.574184959995657,0.537053053247312,"Pseudospondias_microcarpa"
"Luki","Pseudospondias_microcarpa","Pseudospondias","Anacardiaceae","flowers",1953,40,334,294,24.59166702,907.3000212,16,9.073000212,0.392596369228904,-0.683591647181658,"Pseudospondias_microcarpa"
"Luki","Pseudospondias_microcarpa","Pseudospondias","Anacardiaceae","flowers",1954,40,334,294,24.61666711,876.0000013,17,8.760000013,0.75514272122983,-0.768362456147161,"Pseudospondias_microcarpa"
"Luki","Pseudospondias_microcarpa","Pseudospondias","Anacardiaceae","flowers",1955,40,334,294,24.55000035,1561.600034,18,15.61600034,-0.211645423841608,1.08846925145038,"Pseudospondias_microcarpa"
"Luki","Pseudospondias_microcarpa","Pseudospondias","Anacardiaceae","flowers",1956,41,335,294,24.50833384,1564.800014,19,15.64800014,-0.815884896623886,1.09713585594904,"Pseudospondias_microcarpa"
"Luki","Pseudospondias_microcarpa","Pseudospondias","Anacardiaceae","flowers",1957,40,334,294,24.67500035,828.7000065,20,8.287000065,1.601079810352,-0.896466490459934,"Pseudospondias_microcarpa"
"Luki","Psychotria_dermatophylla","Psychotria","Rubiaceae","flowers",1947,40,334,294,24.40000025,1532.000037,10,15.32000037,-2.38691715505412,1.00830266692158,"Psychotria_dermatophylla"
"Luki","Psychotria_dermatophylla","Psychotria","Rubiaceae","flowers",1948,41,335,294,24.54166714,1556.000002,11,15.56000002,-0.332491984232284,1.07330251211957,"Psychotria_dermatophylla"
"Luki","Psychotria_dermatophylla","Psychotria","Rubiaceae","flowers",1949,40,334,294,24.61666695,752.4000154,12,7.524000154,0.755140400941492,-1.10311210890594,"Psychotria_dermatophylla"
"Luki","Psychotria_dermatophylla","Psychotria","Rubiaceae","flowers",1950,40,334,294,24.61666727,524.5000123,13,5.245000123,0.755145041518115,-1.7203407141193,"Psychotria_dermatophylla"
"Luki","Psychotria_dermatophylla","Psychotria","Rubiaceae","flowers",1951,40,334,294,24.55833356,1307.700026,14,13.07700026,-0.0907988634509326,0.400824031310839,"Psychotria_dermatophylla"
"Luki","Psychotria_dermatophylla","Psychotria","Rubiaceae","flowers",1952,41,335,294,24.52500073,1358.000019,15,13.58000019,-0.574184959995657,0.537053053247312,"Psychotria_dermatophylla"
"Luki","Psychotria_dermatophylla","Psychotria","Rubiaceae","flowers",1953,40,334,294,24.59166702,907.3000212,16,9.073000212,0.392596369228904,-0.683591647181658,"Psychotria_dermatophylla"
"Luki","Psychotria_dermatophylla","Psychotria","Rubiaceae","flowers",1954,40,334,294,24.61666711,876.0000013,17,8.760000013,0.75514272122983,-0.768362456147161,"Psychotria_dermatophylla"
"Luki","Psychotria_dermatophylla","Psychotria","Rubiaceae","flowers",1955,40,334,294,24.55000035,1561.600034,18,15.61600034,-0.211645423841608,1.08846925145038,"Psychotria_dermatophylla"
"Luki","Psychotria_dermatophylla","Psychotria","Rubiaceae","flowers",1956,41,335,294,24.50833384,1564.800014,19,15.64800014,-0.815884896623886,1.09713585594904,"Psychotria_dermatophylla"
"Luki","Psychotria_dermatophylla","Psychotria","Rubiaceae","flowers",1957,40,334,294,24.67500035,828.7000065,20,8.287000065,1.601079810352,-0.896466490459934,"Psychotria_dermatophylla"
"Luki","Psydrax_palma","Psydrax","Rubiaceae","flowers",1947,40,334,294,24.40000025,1532.000037,10,15.32000037,-2.38691715505412,1.00830266692158,"Psydrax_palma"
"Luki","Psydrax_palma","Psydrax","Rubiaceae","flowers",1948,41,335,294,24.54166714,1556.000002,11,15.56000002,-0.332491984232284,1.07330251211957,"Psydrax_palma"
"Luki","Psydrax_palma","Psydrax","Rubiaceae","flowers",1949,40,334,294,24.61666695,752.4000154,12,7.524000154,0.755140400941492,-1.10311210890594,"Psydrax_palma"
"Luki","Psydrax_palma","Psydrax","Rubiaceae","flowers",1950,40,334,294,24.61666727,524.5000123,13,5.245000123,0.755145041518115,-1.7203407141193,"Psydrax_palma"
"Luki","Psydrax_palma","Psydrax","Rubiaceae","flowers",1951,40,334,294,24.55833356,1307.700026,14,13.07700026,-0.0907988634509326,0.400824031310839,"Psydrax_palma"
"Luki","Psydrax_palma","Psydrax","Rubiaceae","flowers",1952,41,335,294,24.52500073,1358.000019,15,13.58000019,-0.574184959995657,0.537053053247312,"Psydrax_palma"
"Luki","Psydrax_palma","Psydrax","Rubiaceae","flowers",1953,40,334,294,24.59166702,907.3000212,16,9.073000212,0.392596369228904,-0.683591647181658,"Psydrax_palma"
"Luki","Psydrax_palma","Psydrax","Rubiaceae","flowers",1954,40,334,294,24.61666711,876.0000013,17,8.760000013,0.75514272122983,-0.768362456147161,"Psydrax_palma"
"Luki","Psydrax_palma","Psydrax","Rubiaceae","flowers",1955,40,334,294,24.55000035,1561.600034,18,15.61600034,-0.211645423841608,1.08846925145038,"Psydrax_palma"
"Luki","Psydrax_palma","Psydrax","Rubiaceae","flowers",1956,41,335,294,24.50833384,1564.800014,19,15.64800014,-0.815884896623886,1.09713585594904,"Psydrax_palma"
"Luki","Psydrax_palma","Psydrax","Rubiaceae","flowers",1957,40,334,294,24.67500035,828.7000065,20,8.287000065,1.601079810352,-0.896466490459934,"Psydrax_palma"
"Luki","Pterocarpus_tinctorius","Pterocarpus","Fabaceae","flowers",1947,40,334,294,24.40000025,1532.000037,10,15.32000037,-2.38691715505412,1.00830266692158,"Pterocarpus_tinctorius"
"Luki","Pterocarpus_tinctorius","Pterocarpus","Fabaceae","flowers",1948,41,335,294,24.54166714,1556.000002,11,15.56000002,-0.332491984232284,1.07330251211957,"Pterocarpus_tinctorius"
"Luki","Pterocarpus_tinctorius","Pterocarpus","Fabaceae","flowers",1949,40,334,294,24.61666695,752.4000154,12,7.524000154,0.755140400941492,-1.10311210890594,"Pterocarpus_tinctorius"
"Luki","Pterocarpus_tinctorius","Pterocarpus","Fabaceae","flowers",1950,40,334,294,24.61666727,524.5000123,13,5.245000123,0.755145041518115,-1.7203407141193,"Pterocarpus_tinctorius"
"Luki","Pterocarpus_tinctorius","Pterocarpus","Fabaceae","flowers",1951,40,334,294,24.55833356,1307.700026,14,13.07700026,-0.0907988634509326,0.400824031310839,"Pterocarpus_tinctorius"
"Luki","Pterocarpus_tinctorius","Pterocarpus","Fabaceae","flowers",1952,41,335,294,24.52500073,1358.000019,15,13.58000019,-0.574184959995657,0.537053053247312,"Pterocarpus_tinctorius"
"Luki","Pterocarpus_tinctorius","Pterocarpus","Fabaceae","flowers",1953,40,334,294,24.59166702,907.3000212,16,9.073000212,0.392596369228904,-0.683591647181658,"Pterocarpus_tinctorius"
"Luki","Pterocarpus_tinctorius","Pterocarpus","Fabaceae","flowers",1954,40,334,294,24.61666711,876.0000013,17,8.760000013,0.75514272122983,-0.768362456147161,"Pterocarpus_tinctorius"
"Luki","Pterocarpus_tinctorius","Pterocarpus","Fabaceae","flowers",1955,40,334,294,24.55000035,1561.600034,18,15.61600034,-0.211645423841608,1.08846925145038,"Pterocarpus_tinctorius"
"Luki","Pterocarpus_tinctorius","Pterocarpus","Fabaceae","flowers",1956,41,335,294,24.50833384,1564.800014,19,15.64800014,-0.815884896623886,1.09713585594904,"Pterocarpus_tinctorius"
"Luki","Pterocarpus_tinctorius","Pterocarpus","Fabaceae","flowers",1957,40,334,294,24.67500035,828.7000065,20,8.287000065,1.601079810352,-0.896466490459934,"Pterocarpus_tinctorius"
"Luki","Pycnanthus_angolensis","Pycnanthus","Myristicaceae","flowers",1947,40,334,294,24.40000025,1532.000037,10,15.32000037,-2.38691715505412,1.00830266692158,"Pycnanthus_angolensis"
"Luki","Pycnanthus_angolensis","Pycnanthus","Myristicaceae","flowers",1948,41,335,294,24.54166714,1556.000002,11,15.56000002,-0.332491984232284,1.07330251211957,"Pycnanthus_angolensis"
"Luki","Pycnanthus_angolensis","Pycnanthus","Myristicaceae","flowers",1949,40,334,294,24.61666695,752.4000154,12,7.524000154,0.755140400941492,-1.10311210890594,"Pycnanthus_angolensis"
"Luki","Pycnanthus_angolensis","Pycnanthus","Myristicaceae","flowers",1950,40,334,294,24.61666727,524.5000123,13,5.245000123,0.755145041518115,-1.7203407141193,"Pycnanthus_angolensis"
"Luki","Pycnanthus_angolensis","Pycnanthus","Myristicaceae","flowers",1951,40,334,294,24.55833356,1307.700026,14,13.07700026,-0.0907988634509326,0.400824031310839,"Pycnanthus_angolensis"
"Luki","Pycnanthus_angolensis","Pycnanthus","Myristicaceae","flowers",1952,41,335,294,24.52500073,1358.000019,15,13.58000019,-0.574184959995657,0.537053053247312,"Pycnanthus_angolensis"
"Luki","Pycnanthus_angolensis","Pycnanthus","Myristicaceae","flowers",1953,40,334,294,24.59166702,907.3000212,16,9.073000212,0.392596369228904,-0.683591647181658,"Pycnanthus_angolensis"
"Luki","Pycnanthus_angolensis","Pycnanthus","Myristicaceae","flowers",1954,40,334,294,24.61666711,876.0000013,17,8.760000013,0.75514272122983,-0.768362456147161,"Pycnanthus_angolensis"
"Luki","Pycnanthus_angolensis","Pycnanthus","Myristicaceae","flowers",1955,40,334,294,24.55000035,1561.600034,18,15.61600034,-0.211645423841608,1.08846925145038,"Pycnanthus_angolensis"
"Luki","Pycnanthus_angolensis","Pycnanthus","Myristicaceae","flowers",1956,41,335,294,24.50833384,1564.800014,19,15.64800014,-0.815884896623886,1.09713585594904,"Pycnanthus_angolensis"
"Luki","Pycnanthus_angolensis","Pycnanthus","Myristicaceae","flowers",1957,40,334,294,24.67500035,828.7000065,20,8.287000065,1.601079810352,-0.896466490459934,"Pycnanthus_angolensis"
"Luki","Ricinodendron_heudelotii","Ricinodendron","Euphorbiaceae","flowers",1947,40,334,294,24.40000025,1532.000037,10,15.32000037,-2.38691715505412,1.00830266692158,"Ricinodendron_heudelotii"
"Luki","Ricinodendron_heudelotii","Ricinodendron","Euphorbiaceae","flowers",1948,41,335,294,24.54166714,1556.000002,11,15.56000002,-0.332491984232284,1.07330251211957,"Ricinodendron_heudelotii"
"Luki","Ricinodendron_heudelotii","Ricinodendron","Euphorbiaceae","flowers",1949,40,334,294,24.61666695,752.4000154,12,7.524000154,0.755140400941492,-1.10311210890594,"Ricinodendron_heudelotii"
"Luki","Ricinodendron_heudelotii","Ricinodendron","Euphorbiaceae","flowers",1950,40,334,294,24.61666727,524.5000123,13,5.245000123,0.755145041518115,-1.7203407141193,"Ricinodendron_heudelotii"
"Luki","Ricinodendron_heudelotii","Ricinodendron","Euphorbiaceae","flowers",1951,40,334,294,24.55833356,1307.700026,14,13.07700026,-0.0907988634509326,0.400824031310839,"Ricinodendron_heudelotii"
"Luki","Ricinodendron_heudelotii","Ricinodendron","Euphorbiaceae","flowers",1952,41,335,294,24.52500073,1358.000019,15,13.58000019,-0.574184959995657,0.537053053247312,"Ricinodendron_heudelotii"
"Luki","Ricinodendron_heudelotii","Ricinodendron","Euphorbiaceae","flowers",1953,40,334,294,24.59166702,907.3000212,16,9.073000212,0.392596369228904,-0.683591647181658,"Ricinodendron_heudelotii"
"Luki","Ricinodendron_heudelotii","Ricinodendron","Euphorbiaceae","flowers",1954,40,334,294,24.61666711,876.0000013,17,8.760000013,0.75514272122983,-0.768362456147161,"Ricinodendron_heudelotii"
"Luki","Ricinodendron_heudelotii","Ricinodendron","Euphorbiaceae","flowers",1955,40,334,294,24.55000035,1561.600034,18,15.61600034,-0.211645423841608,1.08846925145038,"Ricinodendron_heudelotii"
"Luki","Ricinodendron_heudelotii","Ricinodendron","Euphorbiaceae","flowers",1956,41,335,294,24.50833384,1564.800014,19,15.64800014,-0.815884896623886,1.09713585594904,"Ricinodendron_heudelotii"
"Luki","Ricinodendron_heudelotii","Ricinodendron","Euphorbiaceae","flowers",1957,40,334,294,24.67500035,828.7000065,20,8.287000065,1.601079810352,-0.896466490459934,"Ricinodendron_heudelotii"
"Luki","Schrebera_trichoclada","Schrebera","Oleaceae","flowers",1947,40,334,294,24.40000025,1532.000037,10,15.32000037,-2.38691715505412,1.00830266692158,"Schrebera_trichoclada"
"Luki","Schrebera_trichoclada","Schrebera","Oleaceae","flowers",1948,41,335,294,24.54166714,1556.000002,11,15.56000002,-0.332491984232284,1.07330251211957,"Schrebera_trichoclada"
"Luki","Schrebera_trichoclada","Schrebera","Oleaceae","flowers",1949,40,334,294,24.61666695,752.4000154,12,7.524000154,0.755140400941492,-1.10311210890594,"Schrebera_trichoclada"
"Luki","Schrebera_trichoclada","Schrebera","Oleaceae","flowers",1950,40,334,294,24.61666727,524.5000123,13,5.245000123,0.755145041518115,-1.7203407141193,"Schrebera_trichoclada"
"Luki","Schrebera_trichoclada","Schrebera","Oleaceae","flowers",1951,40,334,294,24.55833356,1307.700026,14,13.07700026,-0.0907988634509326,0.400824031310839,"Schrebera_trichoclada"
"Luki","Schrebera_trichoclada","Schrebera","Oleaceae","flowers",1952,41,335,294,24.52500073,1358.000019,15,13.58000019,-0.574184959995657,0.537053053247312,"Schrebera_trichoclada"
"Luki","Schrebera_trichoclada","Schrebera","Oleaceae","flowers",1953,40,334,294,24.59166702,907.3000212,16,9.073000212,0.392596369228904,-0.683591647181658,"Schrebera_trichoclada"
"Luki","Schrebera_trichoclada","Schrebera","Oleaceae","flowers",1954,40,334,294,24.61666711,876.0000013,17,8.760000013,0.75514272122983,-0.768362456147161,"Schrebera_trichoclada"
"Luki","Schrebera_trichoclada","Schrebera","Oleaceae","flowers",1955,40,334,294,24.55000035,1561.600034,18,15.61600034,-0.211645423841608,1.08846925145038,"Schrebera_trichoclada"
"Luki","Schrebera_trichoclada","Schrebera","Oleaceae","flowers",1956,41,335,294,24.50833384,1564.800014,19,15.64800014,-0.815884896623886,1.09713585594904,"Schrebera_trichoclada"
"Luki","Schrebera_trichoclada","Schrebera","Oleaceae","flowers",1957,40,334,294,24.67500035,828.7000065,20,8.287000065,1.601079810352,-0.896466490459934,"Schrebera_trichoclada"
"Luki","Scottellia_klaineana","Scottellia","Achariaceae","flowers",1947,41,333,292,24.40000025,1532.000037,10,15.32000037,-2.38691715505412,1.00830266692158,"Scottellia_klaineana"
"Luki","Scottellia_klaineana","Scottellia","Achariaceae","flowers",1948,41,335,294,24.54166714,1556.000002,11,15.56000002,-0.332491984232284,1.07330251211957,"Scottellia_klaineana"
"Luki","Scottellia_klaineana","Scottellia","Achariaceae","flowers",1949,40,334,294,24.61666695,752.4000154,12,7.524000154,0.755140400941492,-1.10311210890594,"Scottellia_klaineana"
"Luki","Scottellia_klaineana","Scottellia","Achariaceae","flowers",1950,40,334,294,24.61666727,524.5000123,13,5.245000123,0.755145041518115,-1.7203407141193,"Scottellia_klaineana"
"Luki","Scottellia_klaineana","Scottellia","Achariaceae","flowers",1951,40,334,294,24.55833356,1307.700026,14,13.07700026,-0.0907988634509326,0.400824031310839,"Scottellia_klaineana"
"Luki","Scottellia_klaineana","Scottellia","Achariaceae","flowers",1952,41,335,294,24.52500073,1358.000019,15,13.58000019,-0.574184959995657,0.537053053247312,"Scottellia_klaineana"
"Luki","Scottellia_klaineana","Scottellia","Achariaceae","flowers",1953,40,334,294,24.59166702,907.3000212,16,9.073000212,0.392596369228904,-0.683591647181658,"Scottellia_klaineana"
"Luki","Scottellia_klaineana","Scottellia","Achariaceae","flowers",1954,40,334,294,24.61666711,876.0000013,17,8.760000013,0.75514272122983,-0.768362456147161,"Scottellia_klaineana"
"Luki","Scottellia_klaineana","Scottellia","Achariaceae","flowers",1955,40,334,294,24.55000035,1561.600034,18,15.61600034,-0.211645423841608,1.08846925145038,"Scottellia_klaineana"
"Luki","Scottellia_klaineana","Scottellia","Achariaceae","flowers",1956,41,335,294,24.50833384,1564.800014,19,15.64800014,-0.815884896623886,1.09713585594904,"Scottellia_klaineana"
"Luki","Scottellia_klaineana","Scottellia","Achariaceae","flowers",1957,40,334,294,24.67500035,828.7000065,20,8.287000065,1.601079810352,-0.896466490459934,"Scottellia_klaineana"
"Luki","Spathodea_campanulata","Spathodea","Bignoniaceae","flowers",1951,40,334,294,24.55833356,1307.700026,14,13.07700026,-0.0907988634509326,0.400824031310839,"Spathodea_campanulata"
"Luki","Spathodea_campanulata","Spathodea","Bignoniaceae","flowers",1952,41,335,294,24.52500073,1358.000019,15,13.58000019,-0.574184959995657,0.537053053247312,"Spathodea_campanulata"
"Luki","Spathodea_campanulata","Spathodea","Bignoniaceae","flowers",1953,40,334,294,24.59166702,907.3000212,16,9.073000212,0.392596369228904,-0.683591647181658,"Spathodea_campanulata"
"Luki","Spathodea_campanulata","Spathodea","Bignoniaceae","flowers",1954,40,334,294,24.61666711,876.0000013,17,8.760000013,0.75514272122983,-0.768362456147161,"Spathodea_campanulata"
"Luki","Spathodea_campanulata","Spathodea","Bignoniaceae","flowers",1955,40,334,294,24.55000035,1561.600034,18,15.61600034,-0.211645423841608,1.08846925145038,"Spathodea_campanulata"
"Luki","Spathodea_campanulata","Spathodea","Bignoniaceae","flowers",1956,41,335,294,24.50833384,1564.800014,19,15.64800014,-0.815884896623886,1.09713585594904,"Spathodea_campanulata"
"Luki","Spathodea_campanulata","Spathodea","Bignoniaceae","flowers",1957,40,334,294,24.67500035,828.7000065,20,8.287000065,1.601079810352,-0.896466490459934,"Spathodea_campanulata"
"Luki","Staudtia_kamerunensis","Staudtia","Myristicaceae","flowers",1947,40,334,294,24.40000025,1532.000037,10,15.32000037,-2.38691715505412,1.00830266692158,"Staudtia_kamerunensis"
"Luki","Staudtia_kamerunensis","Staudtia","Myristicaceae","flowers",1948,41,335,294,24.54166714,1556.000002,11,15.56000002,-0.332491984232284,1.07330251211957,"Staudtia_kamerunensis"
"Luki","Staudtia_kamerunensis","Staudtia","Myristicaceae","flowers",1949,40,334,294,24.61666695,752.4000154,12,7.524000154,0.755140400941492,-1.10311210890594,"Staudtia_kamerunensis"
"Luki","Staudtia_kamerunensis","Staudtia","Myristicaceae","flowers",1950,40,334,294,24.61666727,524.5000123,13,5.245000123,0.755145041518115,-1.7203407141193,"Staudtia_kamerunensis"
"Luki","Staudtia_kamerunensis","Staudtia","Myristicaceae","flowers",1951,40,334,294,24.55833356,1307.700026,14,13.07700026,-0.0907988634509326,0.400824031310839,"Staudtia_kamerunensis"
"Luki","Staudtia_kamerunensis","Staudtia","Myristicaceae","flowers",1952,41,335,294,24.52500073,1358.000019,15,13.58000019,-0.574184959995657,0.537053053247312,"Staudtia_kamerunensis"
"Luki","Staudtia_kamerunensis","Staudtia","Myristicaceae","flowers",1953,40,334,294,24.59166702,907.3000212,16,9.073000212,0.392596369228904,-0.683591647181658,"Staudtia_kamerunensis"
"Luki","Staudtia_kamerunensis","Staudtia","Myristicaceae","flowers",1954,40,334,294,24.61666711,876.0000013,17,8.760000013,0.75514272122983,-0.768362456147161,"Staudtia_kamerunensis"
"Luki","Staudtia_kamerunensis","Staudtia","Myristicaceae","flowers",1955,40,334,294,24.55000035,1561.600034,18,15.61600034,-0.211645423841608,1.08846925145038,"Staudtia_kamerunensis"
"Luki","Staudtia_kamerunensis","Staudtia","Myristicaceae","flowers",1956,41,335,294,24.50833384,1564.800014,19,15.64800014,-0.815884896623886,1.09713585594904,"Staudtia_kamerunensis"
"Luki","Staudtia_kamerunensis","Staudtia","Myristicaceae","flowers",1957,40,334,294,24.67500035,828.7000065,20,8.287000065,1.601079810352,-0.896466490459934,"Staudtia_kamerunensis"
"Luki","Sterculia_dawei","Sterculia","Malvaceae","flowers",1947,40,334,294,24.40000025,1532.000037,10,15.32000037,-2.38691715505412,1.00830266692158,"Sterculia_dawei"
"Luki","Sterculia_dawei","Sterculia","Malvaceae","flowers",1948,41,335,294,24.54166714,1556.000002,11,15.56000002,-0.332491984232284,1.07330251211957,"Sterculia_dawei"
"Luki","Sterculia_dawei","Sterculia","Malvaceae","flowers",1949,40,334,294,24.61666695,752.4000154,12,7.524000154,0.755140400941492,-1.10311210890594,"Sterculia_dawei"
"Luki","Sterculia_dawei","Sterculia","Malvaceae","flowers",1950,40,334,294,24.61666727,524.5000123,13,5.245000123,0.755145041518115,-1.7203407141193,"Sterculia_dawei"
"Luki","Sterculia_dawei","Sterculia","Malvaceae","flowers",1951,40,334,294,24.55833356,1307.700026,14,13.07700026,-0.0907988634509326,0.400824031310839,"Sterculia_dawei"
"Luki","Sterculia_dawei","Sterculia","Malvaceae","flowers",1952,41,335,294,24.52500073,1358.000019,15,13.58000019,-0.574184959995657,0.537053053247312,"Sterculia_dawei"
"Luki","Sterculia_dawei","Sterculia","Malvaceae","flowers",1953,40,334,294,24.59166702,907.3000212,16,9.073000212,0.392596369228904,-0.683591647181658,"Sterculia_dawei"
"Luki","Sterculia_dawei","Sterculia","Malvaceae","flowers",1954,40,334,294,24.61666711,876.0000013,17,8.760000013,0.75514272122983,-0.768362456147161,"Sterculia_dawei"
"Luki","Sterculia_dawei","Sterculia","Malvaceae","flowers",1955,40,334,294,24.55000035,1561.600034,18,15.61600034,-0.211645423841608,1.08846925145038,"Sterculia_dawei"
"Luki","Sterculia_dawei","Sterculia","Malvaceae","flowers",1956,41,335,294,24.50833384,1564.800014,19,15.64800014,-0.815884896623886,1.09713585594904,"Sterculia_dawei"
"Luki","Sterculia_dawei","Sterculia","Malvaceae","flowers",1957,40,334,294,24.67500035,828.7000065,20,8.287000065,1.601079810352,-0.896466490459934,"Sterculia_dawei"
"Luki","Strombosia_grandifolia","Strombosia","Strombosiaceae","flowers",1947,40,334,294,24.40000025,1532.000037,10,15.32000037,-2.38691715505412,1.00830266692158,"Strombosia_grandifolia"
"Luki","Strombosia_grandifolia","Strombosia","Strombosiaceae","flowers",1948,41,335,294,24.54166714,1556.000002,11,15.56000002,-0.332491984232284,1.07330251211957,"Strombosia_grandifolia"
"Luki","Strombosia_grandifolia","Strombosia","Strombosiaceae","flowers",1949,40,334,294,24.61666695,752.4000154,12,7.524000154,0.755140400941492,-1.10311210890594,"Strombosia_grandifolia"
"Luki","Strombosia_grandifolia","Strombosia","Strombosiaceae","flowers",1950,40,334,294,24.61666727,524.5000123,13,5.245000123,0.755145041518115,-1.7203407141193,"Strombosia_grandifolia"
"Luki","Strombosia_grandifolia","Strombosia","Strombosiaceae","flowers",1951,40,334,294,24.55833356,1307.700026,14,13.07700026,-0.0907988634509326,0.400824031310839,"Strombosia_grandifolia"
"Luki","Strombosia_grandifolia","Strombosia","Strombosiaceae","flowers",1952,41,335,294,24.52500073,1358.000019,15,13.58000019,-0.574184959995657,0.537053053247312,"Strombosia_grandifolia"
"Luki","Strombosia_grandifolia","Strombosia","Strombosiaceae","flowers",1953,40,334,294,24.59166702,907.3000212,16,9.073000212,0.392596369228904,-0.683591647181658,"Strombosia_grandifolia"
"Luki","Strombosia_grandifolia","Strombosia","Strombosiaceae","flowers",1954,40,334,294,24.61666711,876.0000013,17,8.760000013,0.75514272122983,-0.768362456147161,"Strombosia_grandifolia"
"Luki","Strombosia_grandifolia","Strombosia","Strombosiaceae","flowers",1955,40,334,294,24.55000035,1561.600034,18,15.61600034,-0.211645423841608,1.08846925145038,"Strombosia_grandifolia"
"Luki","Strombosia_grandifolia","Strombosia","Strombosiaceae","flowers",1956,41,335,294,24.50833384,1564.800014,19,15.64800014,-0.815884896623886,1.09713585594904,"Strombosia_grandifolia"
"Luki","Strombosia_grandifolia","Strombosia","Strombosiaceae","flowers",1957,40,334,294,24.67500035,828.7000065,20,8.287000065,1.601079810352,-0.896466490459934,"Strombosia_grandifolia"
"Luki","Strombosia_pustulata","Strombosia","Strombosiaceae","flowers",1947,41,333,292,24.40000025,1532.000037,10,15.32000037,-2.38691715505412,1.00830266692158,"Strombosia_pustulata"
"Luki","Strombosia_pustulata","Strombosia","Strombosiaceae","flowers",1948,41,335,294,24.54166714,1556.000002,11,15.56000002,-0.332491984232284,1.07330251211957,"Strombosia_pustulata"
"Luki","Strombosia_pustulata","Strombosia","Strombosiaceae","flowers",1949,40,334,294,24.61666695,752.4000154,12,7.524000154,0.755140400941492,-1.10311210890594,"Strombosia_pustulata"
"Luki","Strombosia_pustulata","Strombosia","Strombosiaceae","flowers",1950,40,334,294,24.61666727,524.5000123,13,5.245000123,0.755145041518115,-1.7203407141193,"Strombosia_pustulata"
"Luki","Strombosia_pustulata","Strombosia","Strombosiaceae","flowers",1951,40,334,294,24.55833356,1307.700026,14,13.07700026,-0.0907988634509326,0.400824031310839,"Strombosia_pustulata"
"Luki","Strombosia_pustulata","Strombosia","Strombosiaceae","flowers",1952,41,335,294,24.52500073,1358.000019,15,13.58000019,-0.574184959995657,0.537053053247312,"Strombosia_pustulata"
"Luki","Strombosia_pustulata","Strombosia","Strombosiaceae","flowers",1953,40,334,294,24.59166702,907.3000212,16,9.073000212,0.392596369228904,-0.683591647181658,"Strombosia_pustulata"
"Luki","Strombosia_pustulata","Strombosia","Strombosiaceae","flowers",1954,40,334,294,24.61666711,876.0000013,17,8.760000013,0.75514272122983,-0.768362456147161,"Strombosia_pustulata"
"Luki","Strombosia_pustulata","Strombosia","Strombosiaceae","flowers",1955,40,334,294,24.55000035,1561.600034,18,15.61600034,-0.211645423841608,1.08846925145038,"Strombosia_pustulata"
"Luki","Strombosia_pustulata","Strombosia","Strombosiaceae","flowers",1956,41,335,294,24.50833384,1564.800014,19,15.64800014,-0.815884896623886,1.09713585594904,"Strombosia_pustulata"
"Luki","Strombosia_pustulata","Strombosia","Strombosiaceae","flowers",1957,40,334,294,24.67500035,828.7000065,20,8.287000065,1.601079810352,-0.896466490459934,"Strombosia_pustulata"
"Luki","Symphonia_globulifera","Symphonia","Clusiaceae","flowers",1947,40,334,294,24.40000025,1532.000037,10,15.32000037,-2.38691715505412,1.00830266692158,"Symphonia_globulifera"
"Luki","Symphonia_globulifera","Symphonia","Clusiaceae","flowers",1948,41,335,294,24.54166714,1556.000002,11,15.56000002,-0.332491984232284,1.07330251211957,"Symphonia_globulifera"
"Luki","Symphonia_globulifera","Symphonia","Clusiaceae","flowers",1949,40,334,294,24.61666695,752.4000154,12,7.524000154,0.755140400941492,-1.10311210890594,"Symphonia_globulifera"
"Luki","Symphonia_globulifera","Symphonia","Clusiaceae","flowers",1950,40,334,294,24.61666727,524.5000123,13,5.245000123,0.755145041518115,-1.7203407141193,"Symphonia_globulifera"
"Luki","Symphonia_globulifera","Symphonia","Clusiaceae","flowers",1951,40,334,294,24.55833356,1307.700026,14,13.07700026,-0.0907988634509326,0.400824031310839,"Symphonia_globulifera"
"Luki","Symphonia_globulifera","Symphonia","Clusiaceae","flowers",1952,41,335,294,24.52500073,1358.000019,15,13.58000019,-0.574184959995657,0.537053053247312,"Symphonia_globulifera"
"Luki","Symphonia_globulifera","Symphonia","Clusiaceae","flowers",1953,40,334,294,24.59166702,907.3000212,16,9.073000212,0.392596369228904,-0.683591647181658,"Symphonia_globulifera"
"Luki","Symphonia_globulifera","Symphonia","Clusiaceae","flowers",1954,40,334,294,24.61666711,876.0000013,17,8.760000013,0.75514272122983,-0.768362456147161,"Symphonia_globulifera"
"Luki","Symphonia_globulifera","Symphonia","Clusiaceae","flowers",1955,40,334,294,24.55000035,1561.600034,18,15.61600034,-0.211645423841608,1.08846925145038,"Symphonia_globulifera"
"Luki","Symphonia_globulifera","Symphonia","Clusiaceae","flowers",1956,41,335,294,24.50833384,1564.800014,19,15.64800014,-0.815884896623886,1.09713585594904,"Symphonia_globulifera"
"Luki","Symphonia_globulifera","Symphonia","Clusiaceae","flowers",1957,40,334,294,24.67500035,828.7000065,20,8.287000065,1.601079810352,-0.896466490459934,"Symphonia_globulifera"
"Luki","Tabernaemontana_crassa","Tabernaemontana","Apocynaceae","flowers",1947,40,334,294,24.40000025,1532.000037,10,15.32000037,-2.38691715505412,1.00830266692158,"Tabernaemontana_crassa"
"Luki","Tabernaemontana_crassa","Tabernaemontana","Apocynaceae","flowers",1948,41,335,294,24.54166714,1556.000002,11,15.56000002,-0.332491984232284,1.07330251211957,"Tabernaemontana_crassa"
"Luki","Tabernaemontana_crassa","Tabernaemontana","Apocynaceae","flowers",1949,40,334,294,24.61666695,752.4000154,12,7.524000154,0.755140400941492,-1.10311210890594,"Tabernaemontana_crassa"
"Luki","Tabernaemontana_crassa","Tabernaemontana","Apocynaceae","flowers",1950,40,334,294,24.61666727,524.5000123,13,5.245000123,0.755145041518115,-1.7203407141193,"Tabernaemontana_crassa"
"Luki","Tabernaemontana_crassa","Tabernaemontana","Apocynaceae","flowers",1951,40,334,294,24.55833356,1307.700026,14,13.07700026,-0.0907988634509326,0.400824031310839,"Tabernaemontana_crassa"
"Luki","Tabernaemontana_crassa","Tabernaemontana","Apocynaceae","flowers",1952,41,335,294,24.52500073,1358.000019,15,13.58000019,-0.574184959995657,0.537053053247312,"Tabernaemontana_crassa"
"Luki","Tabernaemontana_crassa","Tabernaemontana","Apocynaceae","flowers",1953,40,334,294,24.59166702,907.3000212,16,9.073000212,0.392596369228904,-0.683591647181658,"Tabernaemontana_crassa"
"Luki","Tabernaemontana_crassa","Tabernaemontana","Apocynaceae","flowers",1954,40,334,294,24.61666711,876.0000013,17,8.760000013,0.75514272122983,-0.768362456147161,"Tabernaemontana_crassa"
"Luki","Tabernaemontana_crassa","Tabernaemontana","Apocynaceae","flowers",1955,40,334,294,24.55000035,1561.600034,18,15.61600034,-0.211645423841608,1.08846925145038,"Tabernaemontana_crassa"
"Luki","Tabernaemontana_crassa","Tabernaemontana","Apocynaceae","flowers",1956,41,335,294,24.50833384,1564.800014,19,15.64800014,-0.815884896623886,1.09713585594904,"Tabernaemontana_crassa"
"Luki","Tabernaemontana_crassa","Tabernaemontana","Apocynaceae","flowers",1957,40,334,294,24.67500035,828.7000065,20,8.287000065,1.601079810352,-0.896466490459934,"Tabernaemontana_crassa"
"Luki","Terminalia_hylodendron","Terminalia","Combretaceae","flowers",1947,40,334,294,24.40000025,1532.000037,10,15.32000037,-2.38691715505412,1.00830266692158,"Terminalia_hylodendron"
"Luki","Terminalia_hylodendron","Terminalia","Combretaceae","flowers",1948,41,335,294,24.54166714,1556.000002,11,15.56000002,-0.332491984232284,1.07330251211957,"Terminalia_hylodendron"
"Luki","Terminalia_hylodendron","Terminalia","Combretaceae","flowers",1949,40,334,294,24.61666695,752.4000154,12,7.524000154,0.755140400941492,-1.10311210890594,"Terminalia_hylodendron"
"Luki","Terminalia_hylodendron","Terminalia","Combretaceae","flowers",1950,40,334,294,24.61666727,524.5000123,13,5.245000123,0.755145041518115,-1.7203407141193,"Terminalia_hylodendron"
"Luki","Terminalia_hylodendron","Terminalia","Combretaceae","flowers",1951,40,334,294,24.55833356,1307.700026,14,13.07700026,-0.0907988634509326,0.400824031310839,"Terminalia_hylodendron"
"Luki","Terminalia_hylodendron","Terminalia","Combretaceae","flowers",1952,41,335,294,24.52500073,1358.000019,15,13.58000019,-0.574184959995657,0.537053053247312,"Terminalia_hylodendron"
"Luki","Terminalia_hylodendron","Terminalia","Combretaceae","flowers",1953,40,334,294,24.59166702,907.3000212,16,9.073000212,0.392596369228904,-0.683591647181658,"Terminalia_hylodendron"
"Luki","Terminalia_hylodendron","Terminalia","Combretaceae","flowers",1954,40,334,294,24.61666711,876.0000013,17,8.760000013,0.75514272122983,-0.768362456147161,"Terminalia_hylodendron"
"Luki","Terminalia_hylodendron","Terminalia","Combretaceae","flowers",1955,40,334,294,24.55000035,1561.600034,18,15.61600034,-0.211645423841608,1.08846925145038,"Terminalia_hylodendron"
"Luki","Terminalia_hylodendron","Terminalia","Combretaceae","flowers",1956,41,335,294,24.50833384,1564.800014,19,15.64800014,-0.815884896623886,1.09713585594904,"Terminalia_hylodendron"
"Luki","Terminalia_hylodendron","Terminalia","Combretaceae","flowers",1957,40,334,294,24.67500035,828.7000065,20,8.287000065,1.601079810352,-0.896466490459934,"Terminalia_hylodendron"
"Luki","Terminalia_superba","Terminalia","Combretaceae","flowers",1947,40,334,294,24.40000025,1532.000037,10,15.32000037,-2.38691715505412,1.00830266692158,"Terminalia_superba"
"Luki","Terminalia_superba","Terminalia","Combretaceae","flowers",1948,41,335,294,24.54166714,1556.000002,11,15.56000002,-0.332491984232284,1.07330251211957,"Terminalia_superba"
"Luki","Terminalia_superba","Terminalia","Combretaceae","flowers",1949,40,334,294,24.61666695,752.4000154,12,7.524000154,0.755140400941492,-1.10311210890594,"Terminalia_superba"
"Luki","Terminalia_superba","Terminalia","Combretaceae","flowers",1950,40,334,294,24.61666727,524.5000123,13,5.245000123,0.755145041518115,-1.7203407141193,"Terminalia_superba"
"Luki","Terminalia_superba","Terminalia","Combretaceae","flowers",1951,40,334,294,24.55833356,1307.700026,14,13.07700026,-0.0907988634509326,0.400824031310839,"Terminalia_superba"
"Luki","Terminalia_superba","Terminalia","Combretaceae","flowers",1952,41,335,294,24.52500073,1358.000019,15,13.58000019,-0.574184959995657,0.537053053247312,"Terminalia_superba"
"Luki","Terminalia_superba","Terminalia","Combretaceae","flowers",1953,40,334,294,24.59166702,907.3000212,16,9.073000212,0.392596369228904,-0.683591647181658,"Terminalia_superba"
"Luki","Terminalia_superba","Terminalia","Combretaceae","flowers",1954,40,334,294,24.61666711,876.0000013,17,8.760000013,0.75514272122983,-0.768362456147161,"Terminalia_superba"
"Luki","Terminalia_superba","Terminalia","Combretaceae","flowers",1955,40,334,294,24.55000035,1561.600034,18,15.61600034,-0.211645423841608,1.08846925145038,"Terminalia_superba"
"Luki","Terminalia_superba","Terminalia","Combretaceae","flowers",1956,41,335,294,24.50833384,1564.800014,19,15.64800014,-0.815884896623886,1.09713585594904,"Terminalia_superba"
"Luki","Terminalia_superba","Terminalia","Combretaceae","flowers",1957,40,334,294,24.67500035,828.7000065,20,8.287000065,1.601079810352,-0.896466490459934,"Terminalia_superba"
"Luki","Tetrapleura_tetraptera","Tetrapleura","Fabaceae","flowers",1947,40,334,294,24.40000025,1532.000037,10,15.32000037,-2.38691715505412,1.00830266692158,"Tetrapleura_tetraptera"
"Luki","Tetrapleura_tetraptera","Tetrapleura","Fabaceae","flowers",1948,41,335,294,24.54166714,1556.000002,11,15.56000002,-0.332491984232284,1.07330251211957,"Tetrapleura_tetraptera"
"Luki","Tetrapleura_tetraptera","Tetrapleura","Fabaceae","flowers",1949,40,334,294,24.61666695,752.4000154,12,7.524000154,0.755140400941492,-1.10311210890594,"Tetrapleura_tetraptera"
"Luki","Tetrapleura_tetraptera","Tetrapleura","Fabaceae","flowers",1950,40,334,294,24.61666727,524.5000123,13,5.245000123,0.755145041518115,-1.7203407141193,"Tetrapleura_tetraptera"
"Luki","Tetrapleura_tetraptera","Tetrapleura","Fabaceae","flowers",1951,40,334,294,24.55833356,1307.700026,14,13.07700026,-0.0907988634509326,0.400824031310839,"Tetrapleura_tetraptera"
"Luki","Tetrapleura_tetraptera","Tetrapleura","Fabaceae","flowers",1952,41,335,294,24.52500073,1358.000019,15,13.58000019,-0.574184959995657,0.537053053247312,"Tetrapleura_tetraptera"
"Luki","Tetrapleura_tetraptera","Tetrapleura","Fabaceae","flowers",1953,40,334,294,24.59166702,907.3000212,16,9.073000212,0.392596369228904,-0.683591647181658,"Tetrapleura_tetraptera"
"Luki","Tetrapleura_tetraptera","Tetrapleura","Fabaceae","flowers",1954,40,334,294,24.61666711,876.0000013,17,8.760000013,0.75514272122983,-0.768362456147161,"Tetrapleura_tetraptera"
"Luki","Tetrapleura_tetraptera","Tetrapleura","Fabaceae","flowers",1955,40,334,294,24.55000035,1561.600034,18,15.61600034,-0.211645423841608,1.08846925145038,"Tetrapleura_tetraptera"
"Luki","Tetrapleura_tetraptera","Tetrapleura","Fabaceae","flowers",1956,41,335,294,24.50833384,1564.800014,19,15.64800014,-0.815884896623886,1.09713585594904,"Tetrapleura_tetraptera"
"Luki","Tetrapleura_tetraptera","Tetrapleura","Fabaceae","flowers",1957,40,334,294,24.67500035,828.7000065,20,8.287000065,1.601079810352,-0.896466490459934,"Tetrapleura_tetraptera"
"Luki","Tetrorchidium_didymostemon","Tetrorchidium","Euphorbiaceae","flowers",1947,40,334,294,24.40000025,1532.000037,10,15.32000037,-2.38691715505412,1.00830266692158,"Tetrorchidium_didymostemon"
"Luki","Tetrorchidium_didymostemon","Tetrorchidium","Euphorbiaceae","flowers",1948,41,335,294,24.54166714,1556.000002,11,15.56000002,-0.332491984232284,1.07330251211957,"Tetrorchidium_didymostemon"
"Luki","Tetrorchidium_didymostemon","Tetrorchidium","Euphorbiaceae","flowers",1949,40,334,294,24.61666695,752.4000154,12,7.524000154,0.755140400941492,-1.10311210890594,"Tetrorchidium_didymostemon"
"Luki","Tetrorchidium_didymostemon","Tetrorchidium","Euphorbiaceae","flowers",1950,40,334,294,24.61666727,524.5000123,13,5.245000123,0.755145041518115,-1.7203407141193,"Tetrorchidium_didymostemon"
"Luki","Tetrorchidium_didymostemon","Tetrorchidium","Euphorbiaceae","flowers",1951,40,334,294,24.55833356,1307.700026,14,13.07700026,-0.0907988634509326,0.400824031310839,"Tetrorchidium_didymostemon"
"Luki","Tetrorchidium_didymostemon","Tetrorchidium","Euphorbiaceae","flowers",1952,41,335,294,24.52500073,1358.000019,15,13.58000019,-0.574184959995657,0.537053053247312,"Tetrorchidium_didymostemon"
"Luki","Tetrorchidium_didymostemon","Tetrorchidium","Euphorbiaceae","flowers",1953,40,334,294,24.59166702,907.3000212,16,9.073000212,0.392596369228904,-0.683591647181658,"Tetrorchidium_didymostemon"
"Luki","Tetrorchidium_didymostemon","Tetrorchidium","Euphorbiaceae","flowers",1954,40,334,294,24.61666711,876.0000013,17,8.760000013,0.75514272122983,-0.768362456147161,"Tetrorchidium_didymostemon"
"Luki","Tetrorchidium_didymostemon","Tetrorchidium","Euphorbiaceae","flowers",1955,40,334,294,24.55000035,1561.600034,18,15.61600034,-0.211645423841608,1.08846925145038,"Tetrorchidium_didymostemon"
"Luki","Tetrorchidium_didymostemon","Tetrorchidium","Euphorbiaceae","flowers",1956,41,335,294,24.50833384,1564.800014,19,15.64800014,-0.815884896623886,1.09713585594904,"Tetrorchidium_didymostemon"
"Luki","Tetrorchidium_didymostemon","Tetrorchidium","Euphorbiaceae","flowers",1957,40,334,294,24.67500035,828.7000065,20,8.287000065,1.601079810352,-0.896466490459934,"Tetrorchidium_didymostemon"
"Luki","Tieghemella_heckelii","Tieghemella","Sapotaceae","flowers",1949,45,329,284,24.61666695,752.4000154,12,7.524000154,0.755140400941492,-1.10311210890594,"Tieghemella_heckelii"
"Luki","Tieghemella_heckelii","Tieghemella","Sapotaceae","flowers",1950,45,329,284,24.61666727,524.5000123,13,5.245000123,0.755145041518115,-1.7203407141193,"Tieghemella_heckelii"
"Luki","Tieghemella_heckelii","Tieghemella","Sapotaceae","flowers",1951,45,329,284,24.55833356,1307.700026,14,13.07700026,-0.0907988634509326,0.400824031310839,"Tieghemella_heckelii"
"Luki","Tieghemella_heckelii","Tieghemella","Sapotaceae","flowers",1952,45.5,330,284.5,24.52500073,1358.000019,15,13.58000019,-0.574184959995657,0.537053053247312,"Tieghemella_heckelii"
"Luki","Tieghemella_heckelii","Tieghemella","Sapotaceae","flowers",1953,45,329,284,24.59166702,907.3000212,16,9.073000212,0.392596369228904,-0.683591647181658,"Tieghemella_heckelii"
"Luki","Tieghemella_heckelii","Tieghemella","Sapotaceae","flowers",1954,45,329,284,24.61666711,876.0000013,17,8.760000013,0.75514272122983,-0.768362456147161,"Tieghemella_heckelii"
"Luki","Tieghemella_heckelii","Tieghemella","Sapotaceae","flowers",1955,45,329,284,24.55000035,1561.600034,18,15.61600034,-0.211645423841608,1.08846925145038,"Tieghemella_heckelii"
"Luki","Tieghemella_heckelii","Tieghemella","Sapotaceae","flowers",1956,45.5,330,284.5,24.50833384,1564.800014,19,15.64800014,-0.815884896623886,1.09713585594904,"Tieghemella_heckelii"
"Luki","Tieghemella_heckelii","Tieghemella","Sapotaceae","flowers",1957,45,329,284,24.67500035,828.7000065,20,8.287000065,1.601079810352,-0.896466490459934,"Tieghemella_heckelii"
"Luki","Treculia_africana","Treculia","Moraceae","flowers",1947,40,334,294,24.40000025,1532.000037,10,15.32000037,-2.38691715505412,1.00830266692158,"Treculia_africana"
"Luki","Treculia_africana","Treculia","Moraceae","flowers",1948,41,335,294,24.54166714,1556.000002,11,15.56000002,-0.332491984232284,1.07330251211957,"Treculia_africana"
"Luki","Treculia_africana","Treculia","Moraceae","flowers",1949,40,334,294,24.61666695,752.4000154,12,7.524000154,0.755140400941492,-1.10311210890594,"Treculia_africana"
"Luki","Treculia_africana","Treculia","Moraceae","flowers",1950,40,334,294,24.61666727,524.5000123,13,5.245000123,0.755145041518115,-1.7203407141193,"Treculia_africana"
"Luki","Treculia_africana","Treculia","Moraceae","flowers",1951,40,334,294,24.55833356,1307.700026,14,13.07700026,-0.0907988634509326,0.400824031310839,"Treculia_africana"
"Luki","Treculia_africana","Treculia","Moraceae","flowers",1952,41,335,294,24.52500073,1358.000019,15,13.58000019,-0.574184959995657,0.537053053247312,"Treculia_africana"
"Luki","Treculia_africana","Treculia","Moraceae","flowers",1953,40,334,294,24.59166702,907.3000212,16,9.073000212,0.392596369228904,-0.683591647181658,"Treculia_africana"
"Luki","Treculia_africana","Treculia","Moraceae","flowers",1954,40,334,294,24.61666711,876.0000013,17,8.760000013,0.75514272122983,-0.768362456147161,"Treculia_africana"
"Luki","Treculia_africana","Treculia","Moraceae","flowers",1955,40,334,294,24.55000035,1561.600034,18,15.61600034,-0.211645423841608,1.08846925145038,"Treculia_africana"
"Luki","Treculia_africana","Treculia","Moraceae","flowers",1956,41,335,294,24.50833384,1564.800014,19,15.64800014,-0.815884896623886,1.09713585594904,"Treculia_africana"
"Luki","Treculia_africana","Treculia","Moraceae","flowers",1957,40,334,294,24.67500035,828.7000065,20,8.287000065,1.601079810352,-0.896466490459934,"Treculia_africana"
"Luki","Trichilia_gilgiana","Trichilia","Meliaceae","flowers",1947,40,334,294,24.40000025,1532.000037,10,15.32000037,-2.38691715505412,1.00830266692158,"Trichilia_gilgiana"
"Luki","Trichilia_gilgiana","Trichilia","Meliaceae","flowers",1948,41,335,294,24.54166714,1556.000002,11,15.56000002,-0.332491984232284,1.07330251211957,"Trichilia_gilgiana"
"Luki","Trichilia_gilgiana","Trichilia","Meliaceae","flowers",1949,40,334,294,24.61666695,752.4000154,12,7.524000154,0.755140400941492,-1.10311210890594,"Trichilia_gilgiana"
"Luki","Trichilia_gilgiana","Trichilia","Meliaceae","flowers",1950,40,334,294,24.61666727,524.5000123,13,5.245000123,0.755145041518115,-1.7203407141193,"Trichilia_gilgiana"
"Luki","Trichilia_gilgiana","Trichilia","Meliaceae","flowers",1951,40,334,294,24.55833356,1307.700026,14,13.07700026,-0.0907988634509326,0.400824031310839,"Trichilia_gilgiana"
"Luki","Trichilia_gilgiana","Trichilia","Meliaceae","flowers",1952,41,335,294,24.52500073,1358.000019,15,13.58000019,-0.574184959995657,0.537053053247312,"Trichilia_gilgiana"
"Luki","Trichilia_gilgiana","Trichilia","Meliaceae","flowers",1953,40,334,294,24.59166702,907.3000212,16,9.073000212,0.392596369228904,-0.683591647181658,"Trichilia_gilgiana"
"Luki","Trichilia_gilgiana","Trichilia","Meliaceae","flowers",1954,40,334,294,24.61666711,876.0000013,17,8.760000013,0.75514272122983,-0.768362456147161,"Trichilia_gilgiana"
"Luki","Trichilia_gilgiana","Trichilia","Meliaceae","flowers",1955,40,334,294,24.55000035,1561.600034,18,15.61600034,-0.211645423841608,1.08846925145038,"Trichilia_gilgiana"
"Luki","Trichilia_gilgiana","Trichilia","Meliaceae","flowers",1956,41,335,294,24.50833384,1564.800014,19,15.64800014,-0.815884896623886,1.09713585594904,"Trichilia_gilgiana"
"Luki","Trichilia_gilgiana","Trichilia","Meliaceae","flowers",1957,40,334,294,24.67500035,828.7000065,20,8.287000065,1.601079810352,-0.896466490459934,"Trichilia_gilgiana"
"Luki","Trichilia_monadelpha","Trichilia","Meliaceae","flowers",1947,40,334,294,24.40000025,1532.000037,10,15.32000037,-2.38691715505412,1.00830266692158,"Trichilia_monadelpha"
"Luki","Trichilia_monadelpha","Trichilia","Meliaceae","flowers",1948,41,335,294,24.54166714,1556.000002,11,15.56000002,-0.332491984232284,1.07330251211957,"Trichilia_monadelpha"
"Luki","Trichilia_monadelpha","Trichilia","Meliaceae","flowers",1949,40,334,294,24.61666695,752.4000154,12,7.524000154,0.755140400941492,-1.10311210890594,"Trichilia_monadelpha"
"Luki","Trichilia_monadelpha","Trichilia","Meliaceae","flowers",1950,40,334,294,24.61666727,524.5000123,13,5.245000123,0.755145041518115,-1.7203407141193,"Trichilia_monadelpha"
"Luki","Trichilia_monadelpha","Trichilia","Meliaceae","flowers",1951,40,334,294,24.55833356,1307.700026,14,13.07700026,-0.0907988634509326,0.400824031310839,"Trichilia_monadelpha"
"Luki","Trichilia_monadelpha","Trichilia","Meliaceae","flowers",1952,41,335,294,24.52500073,1358.000019,15,13.58000019,-0.574184959995657,0.537053053247312,"Trichilia_monadelpha"
"Luki","Trichilia_monadelpha","Trichilia","Meliaceae","flowers",1953,40,334,294,24.59166702,907.3000212,16,9.073000212,0.392596369228904,-0.683591647181658,"Trichilia_monadelpha"
"Luki","Trichilia_monadelpha","Trichilia","Meliaceae","flowers",1954,40,334,294,24.61666711,876.0000013,17,8.760000013,0.75514272122983,-0.768362456147161,"Trichilia_monadelpha"
"Luki","Trichilia_monadelpha","Trichilia","Meliaceae","flowers",1955,40,334,294,24.55000035,1561.600034,18,15.61600034,-0.211645423841608,1.08846925145038,"Trichilia_monadelpha"
"Luki","Trichilia_monadelpha","Trichilia","Meliaceae","flowers",1956,41,335,294,24.50833384,1564.800014,19,15.64800014,-0.815884896623886,1.09713585594904,"Trichilia_monadelpha"
"Luki","Trichilia_monadelpha","Trichilia","Meliaceae","flowers",1957,40,334,294,24.67500035,828.7000065,20,8.287000065,1.601079810352,-0.896466490459934,"Trichilia_monadelpha"
"Luki","Trichilia_prieureana","Trichilia","Meliaceae","flowers",1947,40,334,294,24.40000025,1532.000037,10,15.32000037,-2.38691715505412,1.00830266692158,"Trichilia_prieureana"
"Luki","Trichilia_prieureana","Trichilia","Meliaceae","flowers",1948,41,335,294,24.54166714,1556.000002,11,15.56000002,-0.332491984232284,1.07330251211957,"Trichilia_prieureana"
"Luki","Trichilia_prieureana","Trichilia","Meliaceae","flowers",1949,40,334,294,24.61666695,752.4000154,12,7.524000154,0.755140400941492,-1.10311210890594,"Trichilia_prieureana"
"Luki","Trichilia_prieureana","Trichilia","Meliaceae","flowers",1950,40,334,294,24.61666727,524.5000123,13,5.245000123,0.755145041518115,-1.7203407141193,"Trichilia_prieureana"
"Luki","Trichilia_prieureana","Trichilia","Meliaceae","flowers",1951,40,334,294,24.55833356,1307.700026,14,13.07700026,-0.0907988634509326,0.400824031310839,"Trichilia_prieureana"
"Luki","Trichilia_prieureana","Trichilia","Meliaceae","flowers",1952,41,335,294,24.52500073,1358.000019,15,13.58000019,-0.574184959995657,0.537053053247312,"Trichilia_prieureana"
"Luki","Trichilia_prieureana","Trichilia","Meliaceae","flowers",1953,40,334,294,24.59166702,907.3000212,16,9.073000212,0.392596369228904,-0.683591647181658,"Trichilia_prieureana"
"Luki","Trichilia_prieureana","Trichilia","Meliaceae","flowers",1954,40,334,294,24.61666711,876.0000013,17,8.760000013,0.75514272122983,-0.768362456147161,"Trichilia_prieureana"
"Luki","Trichilia_prieureana","Trichilia","Meliaceae","flowers",1955,40,334,294,24.55000035,1561.600034,18,15.61600034,-0.211645423841608,1.08846925145038,"Trichilia_prieureana"
"Luki","Trichilia_prieureana","Trichilia","Meliaceae","flowers",1956,41,335,294,24.50833384,1564.800014,19,15.64800014,-0.815884896623886,1.09713585594904,"Trichilia_prieureana"
"Luki","Trichilia_prieureana","Trichilia","Meliaceae","flowers",1957,40,334,294,24.67500035,828.7000065,20,8.287000065,1.601079810352,-0.896466490459934,"Trichilia_prieureana"
"Luki","Trichoscypha_acuminata","Trichoscypha","Anacardiaceae","flowers",1947,40,334,294,24.40000025,1532.000037,10,15.32000037,-2.38691715505412,1.00830266692158,"Trichoscypha_acuminata"
"Luki","Trichoscypha_acuminata","Trichoscypha","Anacardiaceae","flowers",1948,41,335,294,24.54166714,1556.000002,11,15.56000002,-0.332491984232284,1.07330251211957,"Trichoscypha_acuminata"
"Luki","Trichoscypha_acuminata","Trichoscypha","Anacardiaceae","flowers",1949,40,334,294,24.61666695,752.4000154,12,7.524000154,0.755140400941492,-1.10311210890594,"Trichoscypha_acuminata"
"Luki","Trichoscypha_acuminata","Trichoscypha","Anacardiaceae","flowers",1950,40,334,294,24.61666727,524.5000123,13,5.245000123,0.755145041518115,-1.7203407141193,"Trichoscypha_acuminata"
"Luki","Trichoscypha_acuminata","Trichoscypha","Anacardiaceae","flowers",1951,40,334,294,24.55833356,1307.700026,14,13.07700026,-0.0907988634509326,0.400824031310839,"Trichoscypha_acuminata"
"Luki","Trichoscypha_acuminata","Trichoscypha","Anacardiaceae","flowers",1952,41,335,294,24.52500073,1358.000019,15,13.58000019,-0.574184959995657,0.537053053247312,"Trichoscypha_acuminata"
"Luki","Trichoscypha_acuminata","Trichoscypha","Anacardiaceae","flowers",1953,40,334,294,24.59166702,907.3000212,16,9.073000212,0.392596369228904,-0.683591647181658,"Trichoscypha_acuminata"
"Luki","Trichoscypha_acuminata","Trichoscypha","Anacardiaceae","flowers",1954,40,334,294,24.61666711,876.0000013,17,8.760000013,0.75514272122983,-0.768362456147161,"Trichoscypha_acuminata"
"Luki","Trichoscypha_acuminata","Trichoscypha","Anacardiaceae","flowers",1955,40,334,294,24.55000035,1561.600034,18,15.61600034,-0.211645423841608,1.08846925145038,"Trichoscypha_acuminata"
"Luki","Trichoscypha_acuminata","Trichoscypha","Anacardiaceae","flowers",1956,41,335,294,24.50833384,1564.800014,19,15.64800014,-0.815884896623886,1.09713585594904,"Trichoscypha_acuminata"
"Luki","Trichoscypha_acuminata","Trichoscypha","Anacardiaceae","flowers",1957,40,334,294,24.67500035,828.7000065,20,8.287000065,1.601079810352,-0.896466490459934,"Trichoscypha_acuminata"
"Luki","Trichoscypha_oddonii","Trichoscypha","Anacardiaceae","flowers",1947,40,334,294,24.40000025,1532.000037,10,15.32000037,-2.38691715505412,1.00830266692158,"Trichoscypha_oddonii"
"Luki","Trichoscypha_oddonii","Trichoscypha","Anacardiaceae","flowers",1948,41,335,294,24.54166714,1556.000002,11,15.56000002,-0.332491984232284,1.07330251211957,"Trichoscypha_oddonii"
"Luki","Trichoscypha_oddonii","Trichoscypha","Anacardiaceae","flowers",1949,40,334,294,24.61666695,752.4000154,12,7.524000154,0.755140400941492,-1.10311210890594,"Trichoscypha_oddonii"
"Luki","Trichoscypha_oddonii","Trichoscypha","Anacardiaceae","flowers",1950,40,334,294,24.61666727,524.5000123,13,5.245000123,0.755145041518115,-1.7203407141193,"Trichoscypha_oddonii"
"Luki","Trichoscypha_oddonii","Trichoscypha","Anacardiaceae","flowers",1951,40,334,294,24.55833356,1307.700026,14,13.07700026,-0.0907988634509326,0.400824031310839,"Trichoscypha_oddonii"
"Luki","Trichoscypha_oddonii","Trichoscypha","Anacardiaceae","flowers",1952,41,335,294,24.52500073,1358.000019,15,13.58000019,-0.574184959995657,0.537053053247312,"Trichoscypha_oddonii"
"Luki","Trichoscypha_oddonii","Trichoscypha","Anacardiaceae","flowers",1953,40,334,294,24.59166702,907.3000212,16,9.073000212,0.392596369228904,-0.683591647181658,"Trichoscypha_oddonii"
"Luki","Trichoscypha_oddonii","Trichoscypha","Anacardiaceae","flowers",1954,40,334,294,24.61666711,876.0000013,17,8.760000013,0.75514272122983,-0.768362456147161,"Trichoscypha_oddonii"
"Luki","Trichoscypha_oddonii","Trichoscypha","Anacardiaceae","flowers",1955,40,334,294,24.55000035,1561.600034,18,15.61600034,-0.211645423841608,1.08846925145038,"Trichoscypha_oddonii"
"Luki","Trichoscypha_oddonii","Trichoscypha","Anacardiaceae","flowers",1956,41,335,294,24.50833384,1564.800014,19,15.64800014,-0.815884896623886,1.09713585594904,"Trichoscypha_oddonii"
"Luki","Trichoscypha_oddonii","Trichoscypha","Anacardiaceae","flowers",1957,40,334,294,24.67500035,828.7000065,20,8.287000065,1.601079810352,-0.896466490459934,"Trichoscypha_oddonii"
"Luki","Trilepisium_madagascariense","Trilepisium","Moraceae","flowers",1947,40,334,294,24.40000025,1532.000037,10,15.32000037,-2.38691715505412,1.00830266692158,"Trilepisium_madagascariense"
"Luki","Trilepisium_madagascariense","Trilepisium","Moraceae","flowers",1948,41,335,294,24.54166714,1556.000002,11,15.56000002,-0.332491984232284,1.07330251211957,"Trilepisium_madagascariense"
"Luki","Trilepisium_madagascariense","Trilepisium","Moraceae","flowers",1949,40,334,294,24.61666695,752.4000154,12,7.524000154,0.755140400941492,-1.10311210890594,"Trilepisium_madagascariense"
"Luki","Trilepisium_madagascariense","Trilepisium","Moraceae","flowers",1950,40,334,294,24.61666727,524.5000123,13,5.245000123,0.755145041518115,-1.7203407141193,"Trilepisium_madagascariense"
"Luki","Trilepisium_madagascariense","Trilepisium","Moraceae","flowers",1951,40,334,294,24.55833356,1307.700026,14,13.07700026,-0.0907988634509326,0.400824031310839,"Trilepisium_madagascariense"
"Luki","Trilepisium_madagascariense","Trilepisium","Moraceae","flowers",1952,41,335,294,24.52500073,1358.000019,15,13.58000019,-0.574184959995657,0.537053053247312,"Trilepisium_madagascariense"
"Luki","Trilepisium_madagascariense","Trilepisium","Moraceae","flowers",1953,40,334,294,24.59166702,907.3000212,16,9.073000212,0.392596369228904,-0.683591647181658,"Trilepisium_madagascariense"
"Luki","Trilepisium_madagascariense","Trilepisium","Moraceae","flowers",1954,40,334,294,24.61666711,876.0000013,17,8.760000013,0.75514272122983,-0.768362456147161,"Trilepisium_madagascariense"
"Luki","Trilepisium_madagascariense","Trilepisium","Moraceae","flowers",1955,40,334,294,24.55000035,1561.600034,18,15.61600034,-0.211645423841608,1.08846925145038,"Trilepisium_madagascariense"
"Luki","Trilepisium_madagascariense","Trilepisium","Moraceae","flowers",1956,41,335,294,24.50833384,1564.800014,19,15.64800014,-0.815884896623886,1.09713585594904,"Trilepisium_madagascariense"
"Luki","Trilepisium_madagascariense","Trilepisium","Moraceae","flowers",1957,40,334,294,24.67500035,828.7000065,20,8.287000065,1.601079810352,-0.896466490459934,"Trilepisium_madagascariense"
"Luki","Uapaca_guineensis","Uapaca","Phyllanthaceae","flowers",1947,45,329,284,24.40000025,1532.000037,10,15.32000037,-2.38691715505412,1.00830266692158,"Uapaca_guineensis"
"Luki","Uapaca_guineensis","Uapaca","Phyllanthaceae","flowers",1948,41.9,334,292.1,24.54166714,1556.000002,11,15.56000002,-0.332491984232284,1.07330251211957,"Uapaca_guineensis"
"Luki","Uapaca_guineensis","Uapaca","Phyllanthaceae","flowers",1949,41,333,292,24.61666695,752.4000154,12,7.524000154,0.755140400941492,-1.10311210890594,"Uapaca_guineensis"
"Luki","Uapaca_guineensis","Uapaca","Phyllanthaceae","flowers",1950,40,334,294,24.61666727,524.5000123,13,5.245000123,0.755145041518115,-1.7203407141193,"Uapaca_guineensis"
"Luki","Uapaca_guineensis","Uapaca","Phyllanthaceae","flowers",1951,40,334,294,24.55833356,1307.700026,14,13.07700026,-0.0907988634509326,0.400824031310839,"Uapaca_guineensis"
"Luki","Uapaca_guineensis","Uapaca","Phyllanthaceae","flowers",1952,41,335,294,24.52500073,1358.000019,15,13.58000019,-0.574184959995657,0.537053053247312,"Uapaca_guineensis"
"Luki","Uapaca_guineensis","Uapaca","Phyllanthaceae","flowers",1953,40,334,294,24.59166702,907.3000212,16,9.073000212,0.392596369228904,-0.683591647181658,"Uapaca_guineensis"
"Luki","Uapaca_guineensis","Uapaca","Phyllanthaceae","flowers",1954,40,334,294,24.61666711,876.0000013,17,8.760000013,0.75514272122983,-0.768362456147161,"Uapaca_guineensis"
"Luki","Uapaca_guineensis","Uapaca","Phyllanthaceae","flowers",1955,40,334,294,24.55000035,1561.600034,18,15.61600034,-0.211645423841608,1.08846925145038,"Uapaca_guineensis"
"Luki","Uapaca_guineensis","Uapaca","Phyllanthaceae","flowers",1956,41,335,294,24.50833384,1564.800014,19,15.64800014,-0.815884896623886,1.09713585594904,"Uapaca_guineensis"
"Luki","Uapaca_guineensis","Uapaca","Phyllanthaceae","flowers",1957,40,334,294,24.67500035,828.7000065,20,8.287000065,1.601079810352,-0.896466490459934,"Uapaca_guineensis"
"Luki","Vepris_grandifolia","Vepris","Rutaceae","flowers",1947,40,334,294,24.40000025,1532.000037,10,15.32000037,-2.38691715505412,1.00830266692158,"Vepris_grandifolia"
"Luki","Vepris_grandifolia","Vepris","Rutaceae","flowers",1948,41,335,294,24.54166714,1556.000002,11,15.56000002,-0.332491984232284,1.07330251211957,"Vepris_grandifolia"
"Luki","Vepris_grandifolia","Vepris","Rutaceae","flowers",1949,40,334,294,24.61666695,752.4000154,12,7.524000154,0.755140400941492,-1.10311210890594,"Vepris_grandifolia"
"Luki","Vepris_grandifolia","Vepris","Rutaceae","flowers",1950,40,334,294,24.61666727,524.5000123,13,5.245000123,0.755145041518115,-1.7203407141193,"Vepris_grandifolia"
"Luki","Vepris_grandifolia","Vepris","Rutaceae","flowers",1951,40,334,294,24.55833356,1307.700026,14,13.07700026,-0.0907988634509326,0.400824031310839,"Vepris_grandifolia"
"Luki","Vepris_grandifolia","Vepris","Rutaceae","flowers",1952,41,335,294,24.52500073,1358.000019,15,13.58000019,-0.574184959995657,0.537053053247312,"Vepris_grandifolia"
"Luki","Vepris_grandifolia","Vepris","Rutaceae","flowers",1953,40,334,294,24.59166702,907.3000212,16,9.073000212,0.392596369228904,-0.683591647181658,"Vepris_grandifolia"
"Luki","Vepris_grandifolia","Vepris","Rutaceae","flowers",1954,40,334,294,24.61666711,876.0000013,17,8.760000013,0.75514272122983,-0.768362456147161,"Vepris_grandifolia"
"Luki","Vepris_grandifolia","Vepris","Rutaceae","flowers",1955,40,334,294,24.55000035,1561.600034,18,15.61600034,-0.211645423841608,1.08846925145038,"Vepris_grandifolia"
"Luki","Vepris_grandifolia","Vepris","Rutaceae","flowers",1956,41,335,294,24.50833384,1564.800014,19,15.64800014,-0.815884896623886,1.09713585594904,"Vepris_grandifolia"
"Luki","Vepris_grandifolia","Vepris","Rutaceae","flowers",1957,40,334,294,24.67500035,828.7000065,20,8.287000065,1.601079810352,-0.896466490459934,"Vepris_grandifolia"
"Luki","Vitex_ferruginea","Vitex","Lamiaceae","flowers",1947,40,334,294,24.40000025,1532.000037,10,15.32000037,-2.38691715505412,1.00830266692158,"Vitex_ferruginea"
"Luki","Vitex_ferruginea","Vitex","Lamiaceae","flowers",1948,41,335,294,24.54166714,1556.000002,11,15.56000002,-0.332491984232284,1.07330251211957,"Vitex_ferruginea"
"Luki","Vitex_ferruginea","Vitex","Lamiaceae","flowers",1949,40,334,294,24.61666695,752.4000154,12,7.524000154,0.755140400941492,-1.10311210890594,"Vitex_ferruginea"
"Luki","Vitex_ferruginea","Vitex","Lamiaceae","flowers",1950,40,334,294,24.61666727,524.5000123,13,5.245000123,0.755145041518115,-1.7203407141193,"Vitex_ferruginea"
"Luki","Vitex_ferruginea","Vitex","Lamiaceae","flowers",1951,40,334,294,24.55833356,1307.700026,14,13.07700026,-0.0907988634509326,0.400824031310839,"Vitex_ferruginea"
"Luki","Vitex_ferruginea","Vitex","Lamiaceae","flowers",1952,41,335,294,24.52500073,1358.000019,15,13.58000019,-0.574184959995657,0.537053053247312,"Vitex_ferruginea"
"Luki","Vitex_ferruginea","Vitex","Lamiaceae","flowers",1953,40,334,294,24.59166702,907.3000212,16,9.073000212,0.392596369228904,-0.683591647181658,"Vitex_ferruginea"
"Luki","Vitex_ferruginea","Vitex","Lamiaceae","flowers",1954,40,334,294,24.61666711,876.0000013,17,8.760000013,0.75514272122983,-0.768362456147161,"Vitex_ferruginea"
"Luki","Vitex_ferruginea","Vitex","Lamiaceae","flowers",1955,40,334,294,24.55000035,1561.600034,18,15.61600034,-0.211645423841608,1.08846925145038,"Vitex_ferruginea"
"Luki","Vitex_ferruginea","Vitex","Lamiaceae","flowers",1956,41,335,294,24.50833384,1564.800014,19,15.64800014,-0.815884896623886,1.09713585594904,"Vitex_ferruginea"
"Luki","Vitex_ferruginea","Vitex","Lamiaceae","flowers",1957,40,334,294,24.67500035,828.7000065,20,8.287000065,1.601079810352,-0.896466490459934,"Vitex_ferruginea"
"Luki","Xylopia_aethiopica","Xylopia","Annonaceae","flowers",1947,40,334,294,24.40000025,1532.000037,10,15.32000037,-2.38691715505412,1.00830266692158,"Xylopia_aethiopica"
"Luki","Xylopia_aethiopica","Xylopia","Annonaceae","flowers",1948,41,335,294,24.54166714,1556.000002,11,15.56000002,-0.332491984232284,1.07330251211957,"Xylopia_aethiopica"
"Luki","Xylopia_aethiopica","Xylopia","Annonaceae","flowers",1949,40,334,294,24.61666695,752.4000154,12,7.524000154,0.755140400941492,-1.10311210890594,"Xylopia_aethiopica"
"Luki","Xylopia_aethiopica","Xylopia","Annonaceae","flowers",1950,40,334,294,24.61666727,524.5000123,13,5.245000123,0.755145041518115,-1.7203407141193,"Xylopia_aethiopica"
"Luki","Xylopia_aethiopica","Xylopia","Annonaceae","flowers",1951,40,334,294,24.55833356,1307.700026,14,13.07700026,-0.0907988634509326,0.400824031310839,"Xylopia_aethiopica"
"Luki","Xylopia_aethiopica","Xylopia","Annonaceae","flowers",1952,41,335,294,24.52500073,1358.000019,15,13.58000019,-0.574184959995657,0.537053053247312,"Xylopia_aethiopica"
"Luki","Xylopia_aethiopica","Xylopia","Annonaceae","flowers",1953,40,334,294,24.59166702,907.3000212,16,9.073000212,0.392596369228904,-0.683591647181658,"Xylopia_aethiopica"
"Luki","Xylopia_aethiopica","Xylopia","Annonaceae","flowers",1954,40,334,294,24.61666711,876.0000013,17,8.760000013,0.75514272122983,-0.768362456147161,"Xylopia_aethiopica"
"Luki","Xylopia_aethiopica","Xylopia","Annonaceae","flowers",1955,40,334,294,24.55000035,1561.600034,18,15.61600034,-0.211645423841608,1.08846925145038,"Xylopia_aethiopica"
"Luki","Xylopia_aethiopica","Xylopia","Annonaceae","flowers",1956,41,335,294,24.50833384,1564.800014,19,15.64800014,-0.815884896623886,1.09713585594904,"Xylopia_aethiopica"
"Luki","Xylopia_aethiopica","Xylopia","Annonaceae","flowers",1957,40,334,294,24.67500035,828.7000065,20,8.287000065,1.601079810352,-0.896466490459934,"Xylopia_aethiopica"
"Luki","Xylopia_cupularis","Xylopia","Annonaceae","flowers",1947,40,334,294,24.40000025,1532.000037,10,15.32000037,-2.38691715505412,1.00830266692158,"Xylopia_cupularis"
"Luki","Xylopia_cupularis","Xylopia","Annonaceae","flowers",1948,41,335,294,24.54166714,1556.000002,11,15.56000002,-0.332491984232284,1.07330251211957,"Xylopia_cupularis"
"Luki","Xylopia_cupularis","Xylopia","Annonaceae","flowers",1949,40,334,294,24.61666695,752.4000154,12,7.524000154,0.755140400941492,-1.10311210890594,"Xylopia_cupularis"
"Luki","Xylopia_cupularis","Xylopia","Annonaceae","flowers",1950,40,334,294,24.61666727,524.5000123,13,5.245000123,0.755145041518115,-1.7203407141193,"Xylopia_cupularis"
"Luki","Xylopia_cupularis","Xylopia","Annonaceae","flowers",1951,40,334,294,24.55833356,1307.700026,14,13.07700026,-0.0907988634509326,0.400824031310839,"Xylopia_cupularis"
"Luki","Xylopia_cupularis","Xylopia","Annonaceae","flowers",1952,41,335,294,24.52500073,1358.000019,15,13.58000019,-0.574184959995657,0.537053053247312,"Xylopia_cupularis"
"Luki","Xylopia_cupularis","Xylopia","Annonaceae","flowers",1953,40,334,294,24.59166702,907.3000212,16,9.073000212,0.392596369228904,-0.683591647181658,"Xylopia_cupularis"
"Luki","Xylopia_cupularis","Xylopia","Annonaceae","flowers",1954,40,334,294,24.61666711,876.0000013,17,8.760000013,0.75514272122983,-0.768362456147161,"Xylopia_cupularis"
"Luki","Xylopia_cupularis","Xylopia","Annonaceae","flowers",1955,40,334,294,24.55000035,1561.600034,18,15.61600034,-0.211645423841608,1.08846925145038,"Xylopia_cupularis"
"Luki","Xylopia_cupularis","Xylopia","Annonaceae","flowers",1956,41,335,294,24.50833384,1564.800014,19,15.64800014,-0.815884896623886,1.09713585594904,"Xylopia_cupularis"
"Luki","Xylopia_cupularis","Xylopia","Annonaceae","flowers",1957,40,334,294,24.67500035,828.7000065,20,8.287000065,1.601079810352,-0.896466490459934,"Xylopia_cupularis"
"Luki","Xylopia_wilwerthii","Xylopia","Annonaceae","flowers",1947,40,334,294,24.40000025,1532.000037,10,15.32000037,-2.38691715505412,1.00830266692158,"Xylopia_wilwerthii"
"Luki","Xylopia_wilwerthii","Xylopia","Annonaceae","flowers",1948,41,335,294,24.54166714,1556.000002,11,15.56000002,-0.332491984232284,1.07330251211957,"Xylopia_wilwerthii"
"Luki","Xylopia_wilwerthii","Xylopia","Annonaceae","flowers",1949,40,334,294,24.61666695,752.4000154,12,7.524000154,0.755140400941492,-1.10311210890594,"Xylopia_wilwerthii"
"Luki","Xylopia_wilwerthii","Xylopia","Annonaceae","flowers",1950,40,334,294,24.61666727,524.5000123,13,5.245000123,0.755145041518115,-1.7203407141193,"Xylopia_wilwerthii"
"Luki","Xylopia_wilwerthii","Xylopia","Annonaceae","flowers",1951,40,334,294,24.55833356,1307.700026,14,13.07700026,-0.0907988634509326,0.400824031310839,"Xylopia_wilwerthii"
"Luki","Xylopia_wilwerthii","Xylopia","Annonaceae","flowers",1952,41,335,294,24.52500073,1358.000019,15,13.58000019,-0.574184959995657,0.537053053247312,"Xylopia_wilwerthii"
"Luki","Xylopia_wilwerthii","Xylopia","Annonaceae","flowers",1953,40,334,294,24.59166702,907.3000212,16,9.073000212,0.392596369228904,-0.683591647181658,"Xylopia_wilwerthii"
"Luki","Xylopia_wilwerthii","Xylopia","Annonaceae","flowers",1954,40,334,294,24.61666711,876.0000013,17,8.760000013,0.75514272122983,-0.768362456147161,"Xylopia_wilwerthii"
"Luki","Xylopia_wilwerthii","Xylopia","Annonaceae","flowers",1955,40,334,294,24.55000035,1561.600034,18,15.61600034,-0.211645423841608,1.08846925145038,"Xylopia_wilwerthii"
"Luki","Xylopia_wilwerthii","Xylopia","Annonaceae","flowers",1956,41,335,294,24.50833384,1564.800014,19,15.64800014,-0.815884896623886,1.09713585594904,"Xylopia_wilwerthii"
"Luki","Xylopia_wilwerthii","Xylopia","Annonaceae","flowers",1957,40,334,294,24.67500035,828.7000065,20,8.287000065,1.601079810352,-0.896466490459934,"Xylopia_wilwerthii"
"Luki","Zanha_golungensis","Zanha","Sapindaceae","flowers",1947,40,334,294,24.40000025,1532.000037,10,15.32000037,-2.38691715505412,1.00830266692158,"Zanha_golungensis"
"Luki","Zanha_golungensis","Zanha","Sapindaceae","flowers",1948,41,335,294,24.54166714,1556.000002,11,15.56000002,-0.332491984232284,1.07330251211957,"Zanha_golungensis"
"Luki","Zanha_golungensis","Zanha","Sapindaceae","flowers",1949,40,334,294,24.61666695,752.4000154,12,7.524000154,0.755140400941492,-1.10311210890594,"Zanha_golungensis"
"Luki","Zanha_golungensis","Zanha","Sapindaceae","flowers",1950,40,334,294,24.61666727,524.5000123,13,5.245000123,0.755145041518115,-1.7203407141193,"Zanha_golungensis"
"Luki","Zanha_golungensis","Zanha","Sapindaceae","flowers",1951,40,334,294,24.55833356,1307.700026,14,13.07700026,-0.0907988634509326,0.400824031310839,"Zanha_golungensis"
"Luki","Zanha_golungensis","Zanha","Sapindaceae","flowers",1952,41,335,294,24.52500073,1358.000019,15,13.58000019,-0.574184959995657,0.537053053247312,"Zanha_golungensis"
"Luki","Zanha_golungensis","Zanha","Sapindaceae","flowers",1953,40,334,294,24.59166702,907.3000212,16,9.073000212,0.392596369228904,-0.683591647181658,"Zanha_golungensis"
"Luki","Zanha_golungensis","Zanha","Sapindaceae","flowers",1954,40,334,294,24.61666711,876.0000013,17,8.760000013,0.75514272122983,-0.768362456147161,"Zanha_golungensis"
"Luki","Zanha_golungensis","Zanha","Sapindaceae","flowers",1955,40,334,294,24.55000035,1561.600034,18,15.61600034,-0.211645423841608,1.08846925145038,"Zanha_golungensis"
"Luki","Zanha_golungensis","Zanha","Sapindaceae","flowers",1956,41,335,294,24.50833384,1564.800014,19,15.64800014,-0.815884896623886,1.09713585594904,"Zanha_golungensis"
"Luki","Zanha_golungensis","Zanha","Sapindaceae","flowers",1957,40,334,294,24.67500035,828.7000065,20,8.287000065,1.601079810352,-0.896466490459934,"Zanha_golungensis"
"Luki","Zanthoxylum_gilletii","Zanthoxylum","Rutaceae","flowers",1947,40,334,294,24.40000025,1532.000037,10,15.32000037,-2.38691715505412,1.00830266692158,"Zanthoxylum_gilletii"
"Luki","Zanthoxylum_gilletii","Zanthoxylum","Rutaceae","flowers",1948,41,335,294,24.54166714,1556.000002,11,15.56000002,-0.332491984232284,1.07330251211957,"Zanthoxylum_gilletii"
"Luki","Zanthoxylum_gilletii","Zanthoxylum","Rutaceae","flowers",1949,40,334,294,24.61666695,752.4000154,12,7.524000154,0.755140400941492,-1.10311210890594,"Zanthoxylum_gilletii"
"Luki","Zanthoxylum_gilletii","Zanthoxylum","Rutaceae","flowers",1950,40,334,294,24.61666727,524.5000123,13,5.245000123,0.755145041518115,-1.7203407141193,"Zanthoxylum_gilletii"
"Luki","Zanthoxylum_gilletii","Zanthoxylum","Rutaceae","flowers",1951,40,334,294,24.55833356,1307.700026,14,13.07700026,-0.0907988634509326,0.400824031310839,"Zanthoxylum_gilletii"
"Luki","Zanthoxylum_gilletii","Zanthoxylum","Rutaceae","flowers",1952,41,335,294,24.52500073,1358.000019,15,13.58000019,-0.574184959995657,0.537053053247312,"Zanthoxylum_gilletii"
"Luki","Zanthoxylum_gilletii","Zanthoxylum","Rutaceae","flowers",1953,40,334,294,24.59166702,907.3000212,16,9.073000212,0.392596369228904,-0.683591647181658,"Zanthoxylum_gilletii"
"Luki","Zanthoxylum_gilletii","Zanthoxylum","Rutaceae","flowers",1954,40,334,294,24.61666711,876.0000013,17,8.760000013,0.75514272122983,-0.768362456147161,"Zanthoxylum_gilletii"
"Luki","Zanthoxylum_gilletii","Zanthoxylum","Rutaceae","flowers",1955,40,334,294,24.55000035,1561.600034,18,15.61600034,-0.211645423841608,1.08846925145038,"Zanthoxylum_gilletii"
"Luki","Zanthoxylum_gilletii","Zanthoxylum","Rutaceae","flowers",1956,41,335,294,24.50833384,1564.800014,19,15.64800014,-0.815884896623886,1.09713585594904,"Zanthoxylum_gilletii"
"Luki","Zanthoxylum_gilletii","Zanthoxylum","Rutaceae","flowers",1957,40,334,294,24.67500035,828.7000065,20,8.287000065,1.601079810352,-0.896466490459934,"Zanthoxylum_gilletii"
